Country,Data source,Sector,Gas,Unit,2018,2017,2016,2015,2014,2013,2012,2011,2010,2009,2008,2007,2006,2005,2004,2003,2002,2001,2000,1999,1998,1997,1996,1995,1994,1993,1992,1991,1990,1989,1988,1987,1986,1985,1984,1983,1982,1981,1980,1979,1978,1977,1976,1975,1974,1973,1972,1971,1970,1969,1968,1967,1966,1965,1964,1963,1962,1961,1960
World,GCP,Total fossil fuels and cement,CO2,MtCO₂e,36572.75,35810.5,35379.68,35238.64,35224.84,34959.43,34793.09,34271.54,33151.19,31532.27,31994.4,31282.14,30375.68,29401.1,28444.36,27167.96,25919.41,25364.48,25154.36,24456.52,24149.84,24236.89,24099.56,23371.56,22877.82,22716.35,22466.43,23190.95,22717.54,22230.68,21900.71,21093.83,20431.44,20144.61,19451.68,18901.65,18724.15,18864.18,19390.72,19483.85,18977.77,18307.06,17817.88,16920.21,16941.69,17015.25,16156.7,15439.07,14839.66,13704.62,12848.83,12183.84,11805.98,11281.38,10780.61,10247.5,9698.23,9365.86,9344.02
China,GCP,Total fossil fuels and cement,CO2,MtCO₂e,10064.69,9838.75,9704.48,9716.47,9820.36,9796.53,9633.9,9388.2,8500.54,7758.81,7375.19,6861.75,6377.75,5771.17,5125.89,4452.31,3782.44,3426.14,3349.29,3258.13,3265.9,3414.55,3408.35,3265.06,3010.24,2835.8,2657.11,2538.92,2420.3,2386.89,2347.76,2191.05,2052.24,1951.77,1802.32,1655.81,1570.47,1442.78,1458.89,1487.11,1455.26,1304.4,1190.96,1142.1,985.09,965.65,928.89,874.02,770.17,575.94,467.81,432.22,521.46,474.68,435.7,435.52,439.34,550.96,778.98
United States,GCP,Total fossil fuels and cement,CO2,MtCO₂e,5416.28,5270.75,5306.66,5422.97,5572.11,5522.91,5371.78,5572.58,5700.11,5493.55,5928.26,6127.89,6050.38,6130.55,6105.44,5991.19,5942.42,5899.86,5997.3,5829.52,5749.89,5701.92,5625.04,5436.7,5375.03,5281.39,5174.67,5071.56,5121.18,4948.02,4885.59,4680.83,4487.86,4484.34,4468.26,4335.92,4301.97,4530.37,4716.72,4894.04,4882.96,4735.37,4607.17,4400.8,4592.96,4762.45,4558.45,4351.31,4325.5,4021.5,3828.31,3693.3,3559.18,3388.19,3252.76,3116.02,2984.0,2877.37,2887.82
European Union (28),GCP,Total fossil fuels and cement,CO2,MtCO₂e,3444.88,3518.04,3500.03,3517.15,3483.41,3652.81,3740.14,3798.92,3943.71,3827.46,4164.66,4263.56,4313.61,4309.12,4332.43,4322.75,4232.5,4254.37,4183.51,4161.58,4227.27,4234.26,4322.15,4218.82,4173.39,4191.48,4273.95,4418.9,4471.35,4395.39,4344.14,4388.32,4351.59,4352.21,4264.63,4251.47,4294.46,4397.72,4628.74,4733.8,4564.52,4431.36,4472.88,4184.99,4286.27,4348.11,4152.92,4037.95,3946.67,3775.06,3551.61,3365.29,3329.72,3274.33,3216.04,3100.61,2902.39,2743.36,2649.01
India,GCP,Total fossil fuels and cement,CO2,MtCO₂e,2654.1,2456.95,2371.75,2298.17,2199.4,1994.1,1979.05,1811.96,1700.03,1720.12,1547.99,1390.25,1287.15,1210.15,1145.55,1091.87,1047.6,1035.64,1029.64,995.23,933.55,915.05,878.83,811.46,764.24,722.89,698.76,656.74,616.58,576.4,525.08,486.07,455.07,424.26,385.93,376.68,347.82,337.11,312.48,295.3,281.54,277.65,262.53,251.19,231.18,223.6,217.18,205.33,194.73,190.4,187.1,172.09,171.69,165.96,150.64,154.07,143.45,130.39,120.58
Russia,GCP,Total fossil fuels and cement,CO2,MtCO₂e,1710.69,1647.04,1617.65,1622.5,1617.68,1618.43,1679.39,1667.03,1613.52,1529.23,1637.2,1604.78,1606.72,1547.69,1530.78,1525.64,1495.71,1507.72,1471.23,1486.25,1458.3,1475.29,1580.3,1613.08,1641.54,1859.65,1957.86,2396.19,2525.5,2359.46,2413.51,2350.77,2360.49,2354.51,2183.25,2164.1,2133.88,2094.44,2135.15,2054.33,2037.48,1969.85,1905.09,1834.5,1745.27,1681.27,1613.17,1533.26,1444.93,1373.75,1319.13,1283.13,1227.16,1162.05,1095.47,1030.12,960.61,915.34,887.67
Japan,GCP,Total fossil fuels and cement,CO2,MtCO₂e,1161.98,1188.12,1206.17,1224.54,1264.88,1315.08,1305.89,1264.52,1214.42,1162.96,1232.23,1302.89,1267.16,1290.31,1283.04,1287.78,1279.56,1250.34,1264.98,1242.19,1205.59,1245.32,1252.07,1240.0,1227.64,1172.72,1179.75,1170.05,1158.51,1021.68,985.47,902.53,912.26,912.4,937.07,880.91,897.41,926.84,944.87,953.07,901.59,933.24,907.15,868.51,914.31,914.27,852.17,796.54,767.96,653.22,561.91,489.31,419.25,386.47,358.89,324.84,292.86,282.79,232.5
Germany,GCP,Total fossil fuels and cement,CO2,MtCO₂e,759.0,797.97,801.65,795.94,792.79,831.57,814.14,809.75,832.39,788.92,853.77,851.42,878.08,866.64,887.46,901.41,900.39,916.91,900.38,896.31,923.82,931.75,959.61,939.54,939.91,956.52,966.18,1014.44,1052.52,1008.78,1029.01,1032.43,1047.46,1044.11,1033.24,1011.6,1015.73,1048.52,1100.06,1117.88,1079.13,1052.6,1090.84,1002.44,1062.72,1085.74,1041.48,1037.24,1026.02,1052.0,984.79,936.23,951.42,960.1,968.92,945.5,883.17,834.84,813.95
Iran,GCP,Total fossil fuels and cement,CO2,MtCO₂e,720.41,685.94,652.97,640.81,641.92,608.71,600.68,579.04,564.03,546.89,534.91,513.31,503.79,463.53,442.09,413.99,397.8,394.93,369.26,379.63,306.01,267.1,274.01,271.15,263.52,235.58,226.96,225.95,209.24,190.1,175.11,158.61,147.54,159.95,149.94,149.21,137.52,112.53,120.56,163.67,162.1,163.73,156.46,139.21,143.78,129.48,106.02,101.63,91.79,83.04,82.33,67.88,64.1,53.72,47.52,41.3,37.43,36.51,37.36
South Korea,GCP,Total fossil fuels and cement,CO2,MtCO₂e,658.79,640.59,617.96,595.39,586.55,591.54,583.63,588.4,565.96,506.76,505.78,493.35,465.61,459.34,478.61,462.41,463.63,448.55,445.44,398.33,363.55,427.79,401.53,373.99,344.26,321.84,282.19,262.04,247.44,236.25,222.31,192.94,182.67,178.48,164.05,151.04,141.98,139.78,134.89,133.22,113.4,105.69,93.27,81.78,75.63,73.03,60.28,58.55,53.72,42.47,37.2,35.11,29.98,24.98,22.2,21.08,17.26,14.45,12.54
Saudi Arabia,GCP,Total fossil fuels and cement,CO2,MtCO₂e,621.3,633.07,631.55,620.88,601.9,540.81,563.18,497.66,517.72,465.84,432.34,386.51,431.29,395.85,394.58,326.52,325.68,296.57,296.35,225.98,207.23,215.8,258.26,234.71,307.47,313.33,285.07,267.39,185.49,203.42,202.25,190.44,204.6,172.42,155.51,160.83,157.89,175.3,169.24,138.0,115.02,118.07,101.46,83.26,98.7,95.05,70.28,59.76,45.25,35.27,29.08,25.49,6.41,4.22,7.04,6.94,6.25,3.57,2.67
Indonesia,GCP,Total fossil fuels and cement,CO2,MtCO₂e,614.92,584.08,560.68,507.01,366.84,411.19,526.38,508.07,428.17,447.1,417.56,376.87,346.44,343.34,339.85,316.65,307.36,297.53,265.8,243.95,215.97,280.74,255.07,226.55,222.85,219.76,203.58,180.62,150.29,131.67,132.72,123.88,122.17,121.6,112.46,105.18,105.58,100.3,94.87,95.14,93.94,82.42,61.79,53.93,51.23,49.1,43.31,38.96,35.79,33.36,27.56,24.54,23.38,24.67,22.37,22.76,22.97,26.0,21.39
Canada,GCP,Total fossil fuels and cement,CO2,MtCO₂e,568.41,571.14,564.07,576.76,577.36,577.35,570.16,566.67,556.42,543.07,575.45,594.73,570.81,576.86,586.47,587.49,570.55,564.23,571.51,548.94,533.1,524.43,509.69,494.24,481.65,466.58,466.71,452.53,462.5,462.82,455.61,430.92,404.66,421.68,425.2,408.31,414.43,429.6,442.82,441.65,415.51,407.77,398.95,396.77,389.61,381.26,380.79,352.29,341.18,307.12,303.26,281.64,259.07,251.92,237.58,210.91,206.99,194.0,192.72
Mexico,GCP,Total fossil fuels and cement,CO2,MtCO₂e,477.32,492.77,485.42,481.97,481.13,490.13,496.3,484.16,463.78,475.9,492.98,479.79,476.57,463.99,438.86,437.76,411.97,410.7,396.07,390.52,388.36,368.64,345.77,331.6,351.53,338.07,332.78,330.13,317.04,360.56,305.85,306.19,293.56,287.51,276.77,277.67,304.01,283.8,267.82,240.32,222.17,192.44,183.77,164.17,154.75,144.07,132.28,126.19,113.95,102.18,93.89,90.01,80.84,75.17,74.2,66.29,63.74,65.24,63.05
South Africa,GCP,Total fossil fuels and cement,CO2,MtCO₂e,467.56,462.81,474.98,462.3,482.76,457.44,462.95,475.81,468.84,502.26,494.64,464.8,446.62,415.92,449.08,404.17,356.36,371.52,378.25,374.83,377.31,385.7,364.0,361.86,338.8,320.71,301.37,326.07,312.97,340.75,342.7,328.7,330.53,323.89,315.62,291.93,280.46,257.1,228.22,218.68,201.89,199.75,192.92,185.01,176.55,173.36,171.56,168.41,149.62,143.14,137.95,133.76,128.23,128.14,119.55,109.73,105.67,102.12,97.84
Brazil,GCP,Total fossil fuels and cement,CO2,MtCO₂e,457.19,463.84,454.19,495.21,523.89,495.05,460.1,429.96,411.24,360.09,380.34,356.92,341.95,342.09,333.68,317.51,327.43,332.99,324.23,316.28,308.31,296.59,281.19,255.58,239.47,228.33,218.38,217.23,206.92,212.11,207.56,205.79,197.23,179.94,167.61,165.43,170.79,170.47,185.76,187.16,175.93,162.08,154.4,150.51,142.93,132.02,114.01,102.36,93.53,84.13,77.27,66.08,64.21,56.33,56.67,55.55,53.63,49.14,46.85
Turkey,GCP,Total fossil fuels and cement,CO2,MtCO₂e,428.18,425.33,401.24,381.33,361.68,345.22,353.67,339.48,314.38,315.36,309.32,312.74,281.65,264.2,244.46,236.48,220.98,213.49,229.79,207.8,212.04,212.01,199.52,180.9,167.43,171.01,163.92,157.98,151.51,137.57,124.73,128.44,115.62,105.66,94.91,89.81,86.21,79.19,75.21,75.04,76.71,81.12,73.36,65.42,60.93,59.31,53.72,47.64,42.58,38.75,36.27,33.48,31.51,27.35,26.3,22.64,21.6,17.34,16.8
Australia,GCP,Total fossil fuels and cement,CO2,MtCO₂e,420.22,417.04,413.16,402.54,393.29,398.05,406.99,404.26,406.43,408.34,405.05,400.42,392.68,386.51,383.2,369.73,362.21,357.67,350.19,344.06,334.68,320.79,312.36,305.41,294.01,289.23,284.91,279.87,278.42,277.49,260.88,255.85,239.72,240.99,236.36,224.79,233.89,230.13,220.53,204.87,201.82,187.6,174.07,175.71,172.19,170.83,157.34,152.63,147.48,142.12,134.5,129.14,120.22,120.85,108.88,100.93,94.82,90.5,88.12
United Kingdom,GCP,Total fossil fuels and cement,CO2,MtCO₂e,379.04,387.39,399.84,422.41,438.87,477.75,487.63,469.61,511.83,494.06,544.54,558.96,567.24,569.7,573.01,571.52,560.06,575.99,567.19,560.5,567.45,562.3,588.37,566.66,575.17,579.04,593.09,608.62,600.77,581.58,570.29,571.67,568.55,559.63,529.11,545.49,548.24,560.56,579.04,644.51,604.71,604.36,598.53,603.25,617.18,659.58,648.03,660.39,652.58,628.38,606.49,592.06,618.07,622.11,607.87,603.39,592.93,588.61,584.02
Poland,GCP,Total fossil fuels and cement,CO2,MtCO₂e,343.54,336.59,323.05,312.37,308.8,321.27,325.52,333.01,333.46,315.34,328.77,335.55,335.6,322.5,323.6,319.44,306.7,314.6,318.2,328.85,338.54,367.76,376.44,362.42,360.69,365.1,364.68,374.27,376.95,422.18,444.23,463.73,451.85,444.51,432.47,421.02,420.97,409.0,463.33,441.31,430.87,417.96,398.12,374.78,346.24,335.59,329.51,312.88,304.14,293.37,275.8,259.03,252.43,246.98,242.88,231.0,216.61,207.24,199.58
Italy,GCP,Total fossil fuels and cement,CO2,MtCO₂e,338.03,348.99,353.49,355.78,348.55,364.09,392.63,413.94,426.35,416.68,467.47,479.08,489.0,494.46,494.59,490.75,477.5,475.97,470.29,464.29,459.91,448.84,444.19,451.43,424.81,430.55,437.25,439.34,439.64,404.74,385.96,380.1,363.19,368.98,364.6,358.41,366.88,375.3,386.43,385.26,371.27,354.42,365.8,341.05,358.25,353.35,328.24,311.05,296.36,269.66,249.17,234.13,213.98,189.53,175.72,164.56,146.26,124.37,109.2
France,GCP,Total fossil fuels and cement,CO2,MtCO₂e,337.91,346.53,342.96,341.11,335.42,366.85,365.84,365.23,389.83,382.17,399.28,405.57,416.07,427.04,423.71,422.63,415.93,420.72,416.07,421.64,425.44,405.97,413.08,397.57,390.53,395.75,415.63,426.27,400.86,392.74,374.48,379.54,387.27,402.32,407.18,423.83,437.89,455.49,506.08,530.28,506.74,481.91,506.61,447.75,499.97,517.54,481.59,463.13,439.63,413.76,385.1,372.48,347.6,352.11,345.54,334.23,298.87,281.37,271.36
Kazakhstan,GCP,Total fossil fuels and cement,CO2,MtCO₂e,321.79,283.29,267.69,263.59,256.67,240.14,233.7,226.77,236.26,208.34,213.17,213.01,206.52,183.77,170.16,163.63,146.02,127.63,133.41,108.1,135.08,140.01,149.06,162.8,170.56,204.86,233.05,257.24,266.61,246.35,252.09,245.6,246.7,246.04,228.09,226.16,223.06,218.99,223.39,214.98,213.32,206.38,199.69,192.39,183.05,176.37,169.25,160.89,151.67,144.16,138.46,134.72,128.88,122.03,115.03,108.19,100.93,96.16,93.24
Thailand,GCP,Total fossil fuels and cement,CO2,MtCO₂e,288.23,285.15,280.37,281.27,277.98,284.04,270.17,253.8,256.42,243.28,228.12,230.76,227.72,224.35,218.51,203.24,192.05,182.48,170.7,166.14,159.24,179.06,173.73,156.64,134.51,121.21,107.84,98.26,89.31,77.78,66.2,56.31,49.22,48.23,45.56,42.12,37.64,37.82,39.96,36.59,34.95,32.06,28.72,24.37,24.21,24.42,21.81,19.22,15.35,14.54,17.08,12.15,9.47,7.44,7.47,5.56,5.03,4.14,3.71
"Taiwan, Republic of China",GCP,Total fossil fuels and cement,CO2,MtCO₂e,274.64,274.57,265.28,257.16,261.24,257.71,255.48,266.49,264.82,246.91,260.07,273.73,248.96,255.8,250.26,241.63,235.36,224.03,221.92,205.31,197.65,186.94,173.73,165.65,157.88,152.17,139.14,130.62,120.44,121.69,111.82,97.12,93.41,83.92,84.14,82.47,74.85,74.57,83.12,75.5,70.84,61.02,56.05,43.46,39.31,40.25,35.87,31.48,28.73,26.29,24.14,21.97,19.46,17.84,16.91,15.11,14.16,12.53,11.87
Spain,GCP,Total fossil fuels and cement,CO2,MtCO₂e,268.23,274.43,260.29,271.1,254.52,251.97,278.65,284.04,283.11,296.6,335.68,367.22,359.3,368.06,353.37,336.87,332.89,312.74,310.83,299.12,275.69,267.16,254.64,267.23,253.53,241.01,249.36,240.66,231.06,224.88,197.46,189.51,189.11,199.93,197.67,203.43,208.6,206.1,213.91,202.75,199.51,194.83,197.75,181.05,172.67,154.96,144.72,128.46,116.77,96.74,97.02,86.39,77.62,71.02,64.32,58.74,59.98,53.61,48.87
Macedonia,GCP,Total fossil fuels and cement,CO2,MtCO₂e,254.53,246.31,246.72,233.27,241.13,234.42,215.81,217.43,216.54,196.95,202.5,182.83,178.93,181.75,171.69,157.27,136.34,134.95,126.51,108.29,114.24,123.61,123.91,119.98,92.99,90.69,74.34,68.21,56.86,50.08,42.87,40.88,40.1,36.33,34.79,38.05,30.64,30.88,28.03,27.31,23.26,22.62,23.9,19.45,19.04,17.51,17.9,16.66,14.59,9.14,10.53,10.13,9.83,8.38,7.4,5.83,4.78,4.68,4.2
Egypt,GCP,Total fossil fuels and cement,CO2,MtCO₂e,238.82,237.02,233.17,219.3,222.75,209.44,215.03,213.48,198.81,202.71,195.29,185.91,176.02,165.04,149.14,146.46,125.78,124.29,140.35,124.5,121.47,107.51,93.57,94.89,84.56,92.28,79.94,77.29,75.22,71.9,74.31,74.61,74.39,63.81,63.7,56.98,56.43,50.9,45.18,42.89,39.26,37.82,34.45,31.06,26.09,23.76,25.48,23.01,21.65,19.66,22.87,19.65,26.53,27.61,25.49,21.53,18.57,17.07,16.03
Ukraine,GCP,Total fossil fuels and cement,CO2,MtCO₂e,225.02,223.22,234.2,223.91,257.59,297.3,303.96,307.96,294.08,277.3,325.54,336.37,332.67,313.12,310.36,307.02,295.68,303.56,285.34,298.21,328.58,340.24,351.41,389.87,419.27,510.2,589.06,632.54,705.83,713.62,730.09,711.1,714.0,712.17,660.06,654.29,645.23,633.21,645.79,621.28,616.17,595.8,576.26,554.92,527.96,508.68,488.13,463.97,437.28,415.71,399.23,388.41,371.55,351.88,331.78,312.03,291.01,277.39,269.06
Pakistan,GCP,Total fossil fuels and cement,CO2,MtCO₂e,223.54,211.51,196.66,184.5,178.54,171.07,166.33,167.97,165.83,155.22,155.36,155.84,143.73,134.76,129.96,117.49,112.9,107.13,105.42,99.39,96.74,93.79,93.54,83.62,84.02,77.18,72.02,67.48,67.83,60.32,57.61,52.99,49.06,46.81,42.56,40.02,37.19,34.23,31.93,28.13,26.05,24.32,22.79,23.19,21.39,20.01,18.9,19.44,20.5,20.21,20.84,18.18,17.13,16.83,16.04,15.6,13.57,12.35,11.93
Vietnam,GCP,Total fossil fuels and cement,CO2,MtCO₂e,206.66,184.73,183.49,180.31,160.08,140.44,135.69,145.05,136.11,122.83,113.24,100.58,99.13,94.86,87.8,76.28,68.66,59.53,52.33,46.66,46.55,44.31,34.02,28.52,26.02,22.71,21.32,21.26,21.2,17.33,23.01,23.25,20.55,21.07,17.47,19.26,18.33,17.69,16.79,16.25,15.39,15.25,13.9,21.78,19.06,25.07,23.04,24.51,28.17,27.06,23.6,22.96,19.18,13.15,11.79,9.11,9.34,7.98,7.48
United Arab Emirates,GCP,Total fossil fuels and cement,CO2,MtCO₂e,205.6,200.04,203.17,191.62,222.98,218.13,217.35,169.17,155.98,165.5,153.97,133.26,121.74,114.48,111.8,105.62,83.7,100.59,111.79,77.54,80.68,73.1,72.77,70.01,72.6,65.57,57.76,56.67,51.7,54.19,48.1,47.45,47.03,49.65,46.16,35.22,36.75,36.77,36.82,36.55,44.75,38.75,39.62,31.05,31.3,30.61,23.43,21.17,15.23,20.51,1.24,0.92,0.03,0.02,0.02,0.02,0.02,0.01,0.01
Iraq,GCP,Total fossil fuels and cement,CO2,MtCO₂e,204.17,187.4,188.41,165.65,165.15,163.68,152.81,135.27,110.99,103.49,92.17,61.49,98.18,112.98,113.64,90.79,86.32,84.56,71.72,71.68,72.1,68.08,69.28,74.08,71.09,63.13,58.89,45.19,49.06,72.24,67.13,52.18,47.23,44.2,39.77,38.47,30.37,31.9,45.36,52.82,42.19,43.63,48.74,33.12,30.91,30.61,29.52,28.83,23.88,22.6,19.7,18.37,27.68,19.29,9.06,9.38,9.02,8.71,8.26
Argentina,GCP,Total fossil fuels and cement,CO2,MtCO₂e,195.53,199.55,200.04,199.86,194.43,192.28,191.72,190.24,186.67,178.87,188.04,174.23,174.62,161.42,157.03,134.62,124.38,133.31,141.72,146.51,139.35,137.56,134.64,127.6,122.01,117.56,121.02,116.85,111.89,116.8,121.13,114.61,103.93,100.37,106.28,104.98,103.21,101.82,108.52,110.51,102.48,100.65,99.67,94.83,95.47,93.97,90.06,88.84,82.65,77.25,69.01,65.48,63.07,58.8,55.67,50.03,53.64,51.13,48.76
Netherlands,GCP,Total fossil fuels and cement,CO2,MtCO₂e,161.62,164.48,166.39,166.45,158.83,165.76,165.88,169.11,182.19,170.19,175.52,172.6,172.73,177.53,181.45,179.83,176.37,177.08,171.94,170.99,176.4,175.29,182.45,173.03,171.46,170.87,170.68,170.84,162.43,161.66,145.6,151.48,144.01,146.98,144.07,137.36,133.49,164.11,176.63,187.01,169.79,163.61,169.13,152.53,159.99,165.26,157.5,140.67,141.8,115.8,113.45,106.68,103.56,100.4,96.78,91.14,83.28,75.82,73.44
Algeria,GCP,Total fossil fuels and cement,CO2,MtCO₂e,155.73,147.22,147.58,150.7,143.19,132.43,128.11,119.81,117.81,120.19,109.03,108.4,100.2,106.47,87.85,91.05,89.41,83.78,87.44,91.67,106.62,87.0,96.79,94.98,86.15,81.94,79.88,78.81,76.74,79.81,83.71,83.88,76.08,72.61,70.95,52.5,39.17,46.34,66.42,45.55,62.46,41.84,39.13,32.0,31.88,38.28,28.32,18.65,15.06,11.26,9.05,8.43,8.42,6.59,5.64,5.42,5.66,6.06,6.15
Venezuela,GCP,Total fossil fuels and cement,CO2,MtCO₂e,138.76,153.65,163.21,170.9,184.14,182.85,190.97,170.4,189.47,180.12,179.57,161.24,169.67,163.82,151.27,191.46,192.75,171.97,151.87,172.56,166.8,133.48,122.34,132.87,129.53,123.97,105.58,115.05,121.82,108.57,115.75,110.66,109.24,101.03,93.0,92.91,93.2,91.79,90.64,76.45,68.59,63.65,57.27,63.75,75.06,66.43,62.51,62.5,74.49,68.93,65.57,65.75,56.97,60.73,56.55,56.15,54.06,51.88,57.02
Philippines,GCP,Total fossil fuels and cement,CO2,MtCO₂e,135.07,131.02,119.3,114.25,101.97,95.87,88.41,83.74,82.95,76.49,77.3,70.76,66.52,73.27,72.77,70.21,70.16,70.3,72.35,68.18,68.25,70.06,61.25,59.95,54.12,48.93,48.29,43.47,41.35,38.91,37.48,32.5,29.02,27.9,30.83,35.24,34.84,34.53,36.87,38.03,37.38,36.68,35.07,32.48,30.49,31.5,26.41,27.55,24.75,22.83,22.22,18.21,16.1,13.96,12.82,11.47,10.34,8.71,8.33
Nigeria,GCP,Total fossil fuels and cement,CO2,MtCO₂e,127.29,122.78,117.83,113.51,127.81,122.05,117.06,130.19,112.93,74.88,94.77,94.27,97.81,105.76,98.69,100.01,94.3,86.72,78.82,39.59,37.75,41.01,36.79,33.42,34.93,44.81,46.27,41.93,38.86,42.12,70.42,59.02,73.19,69.64,69.41,59.71,65.39,65.81,68.04,70.19,48.22,50.5,55.19,47.35,62.24,49.53,41.39,32.25,21.52,12.1,6.63,12.82,12.89,11.75,7.27,5.34,4.18,4.11,3.4
Czech Republic,GCP,Total fossil fuels and cement,CO2,MtCO₂e,105.95,105.61,106.6,104.79,104.01,106.38,110.9,115.01,117.46,115.22,122.97,128.26,126.45,125.67,128.11,127.38,123.89,126.95,127.06,116.62,125.31,130.73,134.96,131.61,132.37,138.64,144.62,148.89,164.2,172.26,180.56,183.6,185.82,184.57,187.13,181.03,180.81,182.6,184.64,182.52,187.44,185.78,180.39,173.65,165.98,164.1,163.45,161.98,154.43,134.69,126.88,121.27,121.52,122.21,125.42,120.52,114.57,107.51,99.05
Qatar,GCP,Total fossil fuels and cement,CO2,MtCO₂e,105.62,108.36,102.21,105.79,105.98,84.15,93.22,79.65,71.92,68.6,64.26,62.9,63.2,50.69,42.71,41.3,40.7,41.21,34.57,31.27,32.27,37.39,32.2,31.72,30.7,30.99,27.0,17.65,11.74,14.29,11.9,11.47,13.27,12.38,12.3,11.24,12.33,12.84,13.08,14.34,10.52,9.92,10.37,10.95,10.48,12.46,10.78,9.14,7.56,7.17,7.08,6.68,6.27,6.29,6.27,6.13,0.19,0.16,0.18
Belgium,GCP,Total fossil fuels and cement,CO2,MtCO₂e,99.67,97.56,98.42,99.75,95.91,101.58,101.51,104.32,113.81,107.7,120.35,120.44,123.83,125.52,128.83,127.81,126.31,126.12,126.77,124.7,130.28,124.04,129.58,126.08,124.94,121.56,122.66,123.54,120.48,106.79,99.74,102.59,102.37,104.01,104.97,101.2,117.1,123.57,134.84,139.79,135.45,126.2,129.68,121.82,134.95,138.64,130.64,121.37,125.49,123.49,118.44,107.36,105.1,105.33,103.55,105.68,98.02,92.7,90.91
Kuwait,GCP,Total fossil fuels and cement,CO2,MtCO₂e,98.06,97.61,98.06,92.28,87.73,94.29,100.07,86.26,89.27,86.95,82.3,74.87,73.39,71.17,63.11,59.62,57.98,57.48,53.38,53.82,51.56,54.67,49.91,54.59,55.23,49.13,29.65,14.92,37.81,35.77,32.83,31.38,35.23,29.07,28.29,21.54,21.09,25.14,24.62,17.63,20.97,17.2,18.46,16.81,19.31,24.22,27.61,27.12,25.02,26.81,22.42,25.42,35.12,35.39,25.31,17.01,14.28,9.97,7.8
Colombia,GCP,Total fossil fuels and cement,CO2,MtCO₂e,97.27,93.15,96.83,93.08,85.72,91.84,79.73,76.08,76.28,72.56,67.26,61.41,62.0,60.06,54.57,57.09,55.43,55.94,56.26,54.76,65.16,64.5,59.77,58.78,66.79,63.34,61.49,56.65,56.9,52.79,52.02,50.12,48.75,48.08,48.7,49.21,45.68,44.26,44.17,44.27,41.53,39.24,37.98,35.81,36.39,33.63,31.43,30.28,28.37,28.02,26.57,24.69,23.47,22.86,21.68,21.23,19.42,18.2,16.39
Uzbekistan,GCP,Total fossil fuels and cement,CO2,MtCO₂e,91.27,93.29,91.01,102.15,104.48,102.65,115.12,113.05,103.58,106.53,123.34,119.42,119.7,116.88,125.58,126.42,127.94,123.03,121.44,122.19,118.95,107.05,106.02,103.14,108.12,115.7,111.11,112.68,109.86,117.48,120.21,117.04,117.43,117.29,108.76,107.77,106.26,104.25,106.21,102.25,101.42,98.05,94.84,91.32,86.86,83.66,80.26,76.28,71.77,68.35,65.57,63.71,60.88,57.63,54.29,50.96,47.43,45.13,43.72
Chile,GCP,Total fossil fuels and cement,CO2,MtCO₂e,85.88,83.44,84.14,81.63,77.42,81.69,79.7,78.08,71.33,65.92,70.82,70.71,63.97,60.95,59.05,54.88,54.49,52.58,58.11,60.91,56.81,55.45,47.63,41.09,37.74,34.26,32.2,31.14,32.88,32.0,26.58,22.39,22.01,21.28,21.99,20.66,20.47,24.34,25.09,24.72,22.84,23.01,24.03,22.94,25.87,27.59,28.14,27.06,24.64,22.53,21.2,19.24,18.77,17.75,17.51,17.34,16.71,14.46,13.48
Bangladesh,GCP,Total fossil fuels and cement,CO2,MtCO₂e,85.69,78.88,76.0,72.83,65.98,61.78,60.69,56.56,53.99,49.15,45.3,42.64,41.69,37.68,35.95,33.46,31.98,31.04,26.52,25.08,23.2,23.13,21.49,21.04,17.54,16.06,15.38,14.74,14.08,13.38,13.48,11.8,11.41,10.19,9.08,8.19,8.55,7.89,7.6,6.61,5.98,5.78,5.56,4.86,4.65,4.55,3.51,3.61,3.8,3.75,3.87,3.37,3.18,3.12,2.97,2.89,2.52,2.29,2.21
Turkmenistan,GCP,Total fossil fuels and cement,CO2,MtCO₂e,79.89,73.14,70.16,70.23,68.03,66.37,64.53,62.18,57.11,50.17,56.67,55.89,49.37,48.23,46.45,44.52,39.89,38.0,37.47,37.61,32.03,30.56,30.6,33.93,33.44,27.52,32.0,35.54,41.03,43.86,44.86,43.69,43.85,43.76,40.59,40.22,39.65,38.91,39.63,38.14,37.82,36.56,35.35,34.04,32.36,31.15,29.86,28.36,26.69,25.4,24.37,23.68,22.63,21.42,20.18,18.95,17.64,16.78,16.25
Romania,GCP,Total fossil fuels and cement,CO2,MtCO₂e,74.06,75.0,75.8,77.77,77.55,77.18,86.53,89.74,84.02,87.6,105.19,106.89,105.05,102.66,104.23,105.26,101.7,100.33,95.43,90.75,107.53,122.96,130.07,126.98,122.01,122.86,130.8,139.88,169.43,213.6,212.22,211.63,201.64,193.91,188.82,200.12,195.33,197.73,196.2,195.68,193.54,178.08,174.47,162.01,150.72,144.77,132.25,125.68,119.98,111.53,100.08,92.03,84.09,78.64,72.04,69.46,63.81,55.72,53.39
Greece,GCP,Total fossil fuels and cement,CO2,MtCO₂e,73.89,74.84,71.37,74.96,78.65,81.72,91.42,94.53,97.34,104.34,111.11,114.58,112.46,113.93,109.53,109.08,105.01,105.37,102.98,97.94,98.62,93.8,89.1,86.95,86.39,84.23,84.92,83.35,83.38,73.23,67.05,62.58,58.27,59.77,56.28,54.79,51.51,50.12,50.89,50.82,47.68,46.66,42.66,38.67,36.06,37.13,31.48,27.75,24.13,25.43,22.29,19.5,18.62,17.0,13.2,12.24,10.15,9.81,9.39
Austria,GCP,Total fossil fuels and cement,CO2,MtCO₂e,68.87,69.98,67.31,66.73,64.47,68.16,67.58,70.14,72.23,67.72,73.73,74.47,77.06,79.39,77.92,77.8,72.12,70.27,66.31,65.74,67.07,67.46,67.69,64.27,61.2,60.81,60.44,65.93,62.32,53.7,52.94,57.38,53.73,54.37,54.22,51.67,53.57,55.83,52.03,61.32,57.23,55.99,58.2,54.21,57.29,60.02,56.07,52.07,50.63,44.64,42.3,39.92,39.21,38.14,38.9,36.95,33.87,31.82,30.78
Oman,GCP,Total fossil fuels and cement,CO2,MtCO₂e,67.29,63.67,62.66,64.54,60.41,61.12,58.69,53.26,46.75,40.51,42.11,43.63,39.05,29.47,27.59,32.03,25.23,20.11,21.53,20.56,16.3,15.25,14.88,15.72,15.05,13.22,11.89,11.59,11.22,9.99,10.52,9.4,9.82,8.62,8.05,7.53,5.73,6.01,6.04,7.72,7.79,8.5,8.32,7.25,2.33,2.11,2.09,2.09,0.23,0.23,0.16,0.14,0.03,0.03,0.01,N/A,N/A,N/A,N/A
Morocco,GCP,Total fossil fuels and cement,CO2,MtCO₂e,66.31,63.69,61.03,61.03,59.64,58.73,59.03,56.71,56.2,52.59,52.86,50.23,47.39,45.53,43.36,37.5,38.07,37.43,33.58,32.35,31.26,31.1,30.41,29.62,28.98,27.61,25.53,24.32,23.04,22.88,21.14,20.08,18.85,17.83,17.78,17.76,17.03,15.83,15.92,15.93,13.05,12.68,11.53,11.09,11.12,9.63,8.04,8.19,7.28,5.82,5.62,5.41,5.46,4.25,4.42,3.95,3.07,3.77,3.64
Belarus,GCP,Total fossil fuels and cement,CO2,MtCO₂e,65.46,62.7,60.94,59.29,63.79,64.46,63.71,62.82,63.88,61.96,66.42,64.27,64.87,62.06,60.77,57.12,55.68,55.56,55.46,57.0,59.41,62.55,59.2,57.95,64.38,77.62,89.99,97.04,104.14,120.31,123.07,119.9,120.51,120.23,111.55,110.6,109.07,107.07,109.13,105.04,104.2,100.74,97.45,93.88,89.3,86.0,82.49,78.38,73.86,70.2,67.39,65.52,62.63,59.3,55.9,52.55,48.99,46.65,45.22
Israel,GCP,Total fossil fuels and cement,CO2,MtCO₂e,64.26,64.69,63.89,64.95,61.83,64.97,74.78,68.59,68.29,63.86,67.98,62.8,62.15,56.52,58.68,62.41,59.3,63.02,59.52,54.75,56.01,54.86,51.94,49.87,47.47,44.23,42.08,36.15,35.82,31.39,29.7,27.07,26.35,24.61,23.5,23.71,23.85,21.02,20.98,20.86,21.03,19.77,19.5,19.54,19.37,19.26,16.89,16.22,16.56,14.8,13.79,13.53,13.58,12.93,9.14,8.2,7.93,7.06,6.46
Peru,GCP,Total fossil fuels and cement,CO2,MtCO₂e,55.53,52.67,56.32,51.51,50.18,45.66,54.16,48.96,57.15,51.21,40.67,34.52,28.26,36.73,31.56,26.1,26.93,26.93,30.08,29.15,27.57,27.25,24.18,23.68,23.12,23.48,20.31,20.17,20.95,21.73,24.99,25.66,21.75,19.44,20.62,20.38,23.59,24.02,24.06,22.22,22.42,23.3,22.41,21.94,21.34,19.73,18.15,18.59,17.77,15.29,14.49,13.64,13.24,11.95,12.25,10.22,9.96,8.63,8.16
Libya,GCP,Total fossil fuels and cement,CO2,MtCO₂e,54.02,52.33,50.05,56.4,58.67,56.0,52.41,39.26,61.12,57.2,55.34,49.34,52.67,51.7,49.96,48.78,47.47,47.77,46.79,44.3,45.16,44.71,43.8,45.69,43.75,38.71,37.03,42.62,36.51,37.07,36.16,32.35,33.9,31.0,28.28,30.15,30.57,28.67,26.78,25.93,21.16,20.05,17.89,11.57,9.34,14.58,15.22,21.63,32.31,35.52,30.11,18.49,2.63,1.01,0.66,1.46,1.05,1.19,0.69
Portugal,GCP,Total fossil fuels and cement,CO2,MtCO₂e,50.93,54.66,50.38,52.18,47.98,48.11,49.91,51.74,52.94,57.14,59.98,62.33,64.83,69.55,67.27,64.49,69.6,65.76,66.13,67.3,59.67,55.18,52.16,54.85,50.88,50.13,51.52,47.25,45.63,40.82,32.57,31.2,30.22,27.13,28.79,29.9,29.0,27.0,26.77,24.86,22.58,22.61,22.33,21.28,20.65,19.95,18.31,16.38,15.24,14.59,12.99,12.39,11.84,11.58,11.01,10.01,9.29,9.08,8.21
Hungary,GCP,Total fossil fuels and cement,CO2,MtCO₂e,49.86,49.65,47.43,46.68,43.93,43.78,46.83,50.38,52.14,51.8,57.46,58.55,59.85,60.51,60.42,61.95,59.18,60.18,58.56,61.84,61.36,61.78,63.19,61.63,61.9,63.55,62.42,69.78,73.44,75.92,78.05,84.14,83.24,85.95,90.69,88.97,86.71,86.46,86.71,86.08,88.05,83.08,79.9,75.29,74.01,72.98,69.35,69.21,69.93,62.36,61.09,58.77,61.67,61.23,62.34,56.23,50.51,48.93,45.33
Finland,GCP,Total fossil fuels and cement,CO2,MtCO₂e,46.99,44.7,47.24,44.12,47.66,51.76,51.22,56.58,64.1,55.92,58.61,66.76,68.38,57.04,68.96,72.66,65.06,62.54,57.04,58.89,59.37,62.72,64.06,58.15,61.72,56.35,54.29,55.23,56.97,52.45,52.06,57.53,53.21,49.55,42.15,41.46,42.98,51.4,58.14,54.24,51.83,50.14,51.2,46.03,46.61,49.32,44.11,40.54,40.36,37.9,33.28,28.59,29.49,25.3,22.83,19.34,16.79,14.92,15.09
Serbia,GCP,Total fossil fuels and cement,CO2,MtCO₂e,45.44,45.65,45.04,43.75,37.19,44.55,43.72,48.96,45.7,45.86,51.68,59.63,60.86,51.63,60.21,55.72,52.15,49.27,44.95,35.79,51.88,49.27,45.83,39.14,37.04,38.1,43.69,39.94,56.44,56.74,56.92,55.17,56.52,54.13,53.07,50.31,46.71,50.89,46.75,47.57,43.75,39.16,40.29,39.06,37.44,37.29,31.23,33.33,30.94,23.67,22.83,21.35,21.14,21.33,20.73,18.3,16.45,16.03,15.29
Bulgaria,GCP,Total fossil fuels and cement,CO2,MtCO₂e,44.51,47.4,45.26,48.09,45.09,42.57,48.27,53.12,47.79,45.71,53.97,55.64,51.83,50.59,49.51,50.42,46.17,48.92,45.21,46.28,53.18,55.59,57.97,57.57,55.96,57.56,56.92,61.13,76.54,86.44,86.87,91.23,91.13,89.18,87.01,90.03,89.81,80.06,77.22,78.9,81.19,75.78,72.95,72.91,71.13,68.71,66.08,64.22,61.17,66.31,59.46,55.11,48.72,46.27,42.82,34.37,30.7,25.95,22.27
Norway,GCP,Total fossil fuels and cement,CO2,MtCO₂e,44.33,43.7,44.46,45.3,44.89,44.95,45.02,45.51,46.23,43.89,45.38,46.24,44.5,43.95,44.65,44.32,42.98,43.87,42.52,42.96,42.21,41.92,41.82,38.7,38.09,36.22,34.74,33.82,35.32,34.44,35.88,33.46,35.03,32.5,34.01,32.12,31.06,31.94,31.9,34.74,32.71,33.38,33.39,30.64,27.71,30.49,29.4,27.17,27.98,22.19,21.11,19.3,19.54,16.39,16.17,14.97,14.06,13.34,13.09
Trinidad and Tobago,GCP,Total fossil fuels and cement,CO2,MtCO₂e,43.48,43.42,43.75,46.13,46.14,46.41,45.31,46.81,47.81,44.77,44.25,45.35,42.56,38.06,33.34,31.9,28.54,26.28,23.77,22.48,19.06,18.33,20.53,16.97,17.39,17.92,19.1,16.97,16.98,16.11,15.83,17.49,17.35,20.72,17.5,16.28,18.41,17.24,16.92,16.71,15.31,16.16,15.91,9.61,10.04,9.39,8.24,8.1,8.99,3.9,4.04,4.63,4.05,5.19,3.79,1.31,7.23,4.6,2.58
"Hong Kong, Special Administrative Region of China",GCP,Total fossil fuels and cement,CO2,MtCO₂e,43.14,43.18,43.39,42.39,45.49,44.31,42.74,43.15,40.06,41.58,42.79,43.57,41.91,43.73,41.57,43.2,39.49,37.8,40.28,42.55,38.92,30.5,28.91,31.27,31.08,34.78,32.92,28.46,27.15,30.14,29.28,28.09,25.53,22.88,22.22,20.91,19.62,18.62,16.6,15.84,15.71,14.2,12.49,11.01,10.67,9.29,9.28,9.15,8.39,7.75,6.2,6.05,5.16,4.8,4.22,4.25,3.68,3.37,2.95
Ecuador,GCP,Total fossil fuels and cement,CO2,MtCO₂e,41.92,39.56,40.54,42.62,45.43,40.71,31.85,35.85,35.88,35.5,33.32,31.53,28.52,29.97,28.79,26.75,24.75,22.94,20.56,21.37,22.31,18.21,24.03,22.7,13.54,24.09,22.16,16.38,16.71,20.15,17.17,15.02,15.19,19.35,21.19,19.5,19.24,16.65,13.41,12.14,10.41,7.47,8.1,7.35,6.08,5.26,4.59,4.22,4.28,3.59,3.11,2.59,2.42,2.27,2.14,1.79,1.56,1.64,1.76
Sweden,GCP,Total fossil fuels and cement,CO2,MtCO₂e,41.03,42.05,42.58,43.06,43.18,44.74,46.32,48.9,52.85,47.07,50.64,52.76,53.61,53.78,56.42,57.18,56.6,55.65,54.68,55.82,58.64,58.09,63.15,59.2,59.78,57.34,57.39,57.68,57.45,55.52,57.43,59.7,62.01,62.36,57.31,58.27,62.26,69.39,71.71,84.87,79.48,85.74,88.24,80.76,79.82,87.29,84.7,84.51,92.29,86.38,77.61,68.93,72.52,62.56,60.37,55.31,51.27,48.8,49.17
Singapore,GCP,Total fossil fuels and cement,CO2,MtCO₂e,40.86,40.58,37.5,61.4,56.6,56.07,49.95,46.72,58.27,58.59,36.11,19.91,30.77,30.33,28.45,31.09,47.17,49.44,48.86,49.87,48.36,58.07,49.35,41.84,61.34,50.87,48.21,45.05,44.29,41.71,35.95,32.46,34.88,33.27,33.22,34.81,29.61,26.74,31.34,36.06,33.11,28.26,30.0,24.52,21.95,21.2,22.22,16.58,18.19,7.2,5.41,3.05,0.67,2.53,3.7,3.4,2.58,2.09,1.39
Ireland,GCP,Total fossil fuels and cement,CO2,MtCO₂e,38.93,38.73,39.89,38.43,36.67,37.17,38.18,38.0,41.68,42.11,47.32,47.64,47.56,48.12,46.13,45.64,46.03,47.56,45.2,42.39,40.66,38.76,37.42,35.8,34.78,33.66,33.43,33.62,32.89,30.06,29.88,30.23,28.55,26.75,25.55,25.73,25.57,26.06,26.27,27.4,23.58,23.57,22.29,22.05,23.29,22.85,22.04,22.48,19.39,18.49,17.8,16.39,15.09,13.72,14.22,13.45,13.11,12.35,11.17
Switzerland,GCP,Total fossil fuels and cement,CO2,MtCO₂e,36.87,38.17,39.19,38.73,39.23,43.18,42.25,40.98,45.04,43.53,44.71,43.36,45.37,45.78,45.23,44.64,43.46,45.08,43.61,44.44,44.61,43.04,44.1,43.41,42.68,43.61,46.02,46.14,44.16,39.42,40.66,40.2,42.25,39.78,39.13,40.02,36.59,38.81,40.49,39.86,42.17,41.04,40.44,39.05,41.43,46.2,42.92,41.89,40.24,38.05,35.98,32.52,31.49,30.33,28.13,29.07,24.12,20.36,19.49
Azerbaijan,GCP,Total fossil fuels and cement,CO2,MtCO₂e,36.79,36.65,37.16,37.07,36.81,35.05,35.05,32.98,30.63,31.86,35.45,30.46,39.11,34.29,32.08,30.63,29.64,28.79,29.51,28.57,31.67,29.8,31.24,33.31,41.95,48.41,56.18,50.95,51.69,55.27,56.53,55.05,55.26,55.13,51.13,50.67,49.95,49.02,49.94,48.05,47.65,46.06,44.54,42.88,40.78,39.26,37.65,35.77,33.69,32.04,30.75,29.89,28.57,27.05,25.49,23.95,22.31,21.24,20.57
Slovakia,GCP,Total fossil fuels and cement,CO2,MtCO₂e,36.03,36.03,34.89,34.47,33.64,35.57,35.98,38.07,38.5,37.65,41.4,41.0,42.61,42.85,42.87,42.38,42.05,43.32,41.22,43.14,44.01,44.25,44.13,44.27,43.83,46.43,48.98,53.38,61.58,55.33,57.97,58.92,59.62,59.2,60.01,58.05,57.96,58.53,59.16,58.47,60.03,59.48,57.75,55.58,53.11,52.5,52.28,51.8,49.38,43.07,40.57,38.77,38.86,39.08,40.1,38.53,36.63,34.37,31.67
Denmark,GCP,Total fossil fuels and cement,CO2,MtCO₂e,34.81,34.79,37.02,35.2,37.54,41.73,39.84,44.21,49.17,48.84,51.23,54.64,59.42,51.5,55.07,60.62,55.53,55.87,54.28,58.62,61.2,65.43,74.83,61.58,64.67,60.61,58.36,64.17,53.56,48.81,55.11,58.35,58.91,60.06,50.86,50.17,53.68,51.77,60.35,62.98,61.1,61.82,60.1,55.74,55.04,59.22,59.59,57.01,62.04,59.34,53.27,49.03,50.08,44.29,43.15,40.67,36.89,31.7,29.75
New Zealand,GCP,Total fossil fuels and cement,CO2,MtCO₂e,34.77,36.02,34.26,35.84,35.62,35.31,35.99,34.31,35.0,34.77,37.59,36.58,37.49,37.59,35.96,36.38,34.66,34.48,32.3,31.49,29.9,31.3,29.31,28.01,27.89,27.71,28.11,26.12,25.46,25.45,25.45,24.17,22.95,21.86,19.34,18.0,18.27,16.56,17.48,16.49,18.02,20.31,19.25,18.27,18.76,18.2,16.19,15.05,14.18,14.26,13.47,13.63,14.0,13.69,13.09,12.22,11.2,11.76,11.53
Angola,GCP,Total fossil fuels and cement,CO2,MtCO₂e,34.54,34.11,34.11,33.98,44.25,33.23,33.8,30.33,28.86,27.57,25.49,24.98,22.1,19.01,18.7,8.99,12.6,9.67,9.52,9.13,7.27,7.35,10.42,10.95,3.87,5.75,5.17,5.06,5.09,4.92,5.05,5.79,4.63,4.68,4.99,5.1,4.64,5.27,5.33,5.49,5.4,3.53,3.28,4.41,4.87,4.87,4.5,3.41,3.58,2.78,1.67,0.99,1.55,1.19,1.22,1.15,1.18,0.45,0.55
Tunisia,GCP,Total fossil fuels and cement,CO2,MtCO₂e,31.58,30.48,29.01,29.27,27.89,26.87,26.31,25.52,27.1,24.32,24.33,23.68,22.6,22.27,21.93,20.93,20.56,20.55,19.67,18.12,17.81,16.75,16.58,15.55,15.78,16.35,14.89,15.36,13.13,13.14,12.38,11.66,11.99,11.87,11.49,11.25,9.49,9.8,9.47,8.75,7.48,6.75,5.84,5.54,5.39,4.82,4.73,4.21,3.74,3.85,3.59,3.08,2.88,2.46,2.75,1.94,1.79,1.76,1.72
Bahrain,GCP,Total fossil fuels and cement,CO2,MtCO₂e,31.06,31.82,31.46,32.67,31.15,31.19,27.33,28.64,29.07,28.1,29.68,26.77,19.42,19.8,17.88,16.77,15.87,14.08,18.79,17.99,18.37,17.29,15.59,14.79,14.76,14.61,10.87,11.86,12.41,11.72,12.14,11.42,11.0,10.19,9.2,8.22,9.83,8.52,7.88,8.13,7.76,7.46,6.57,5.75,5.4,5.52,3.68,3.04,2.59,1.27,1.1,1.0,0.65,1.23,1.6,1.19,1.59,1.77,0.58
North Korea,GCP,Total fossil fuels and cement,CO2,MtCO₂e,30.22,28.55,27.47,24.62,30.54,27.01,37.57,36.18,50.02,53.57,70.33,63.48,76.17,74.92,71.72,70.14,68.64,71.67,69.17,64.1,58.77,65.16,71.64,81.26,86.72,94.87,102.96,117.23,122.4,213.07,200.81,175.62,156.84,144.28,134.66,125.16,116.89,114.39,114.08,110.26,108.21,113.67,110.03,107.62,101.61,97.33,89.5,107.45,73.48,64.08,59.27,52.39,47.6,44.22,35.62,32.83,30.69,26.43,23.79
Cuba,GCP,Total fossil fuels and cement,CO2,MtCO₂e,28.62,28.1,28.1,29.05,27.43,27.75,29.52,29.17,33.91,28.02,27.75,25.76,26.33,25.85,24.87,25.36,25.97,25.33,25.94,25.18,24.36,24.51,26.87,25.59,21.29,19.79,21.02,28.9,32.74,35.51,35.4,33.73,33.38,32.41,32.44,30.7,34.42,32.63,31.3,31.63,30.62,29.35,27.18,27.04,22.89,22.37,20.78,19.59,18.65,17.24,16.02,15.74,15.17,14.59,14.28,13.03,14.15,12.17,13.69
Syria,GCP,Total fossil fuels and cement,CO2,MtCO₂e,28.28,28.33,28.51,28.68,30.11,35.81,43.79,56.14,60.72,61.56,66.88,65.72,52.84,49.88,50.38,53.58,38.44,48.14,50.48,51.77,49.76,45.38,42.32,41.2,46.19,45.22,42.56,42.2,37.05,34.27,36.68,35.94,31.07,29.39,32.85,27.77,24.36,26.53,20.73,22.48,15.18,14.63,13.74,11.17,9.65,7.89,7.76,8.87,6.65,7.23,5.95,4.6,4.91,3.67,4.36,3.61,3.2,3.06,3.22
Mongolia,GCP,Total fossil fuels and cement,CO2,MtCO₂e,28.11,26.41,25.32,23.24,29.59,43.56,35.03,21.43,13.82,13.07,12.02,12.08,9.41,8.57,8.57,8.01,8.26,7.87,7.49,7.54,7.69,7.69,8.02,7.9,7.93,9.26,10.99,12.12,9.89,10.46,11.49,10.48,9.6,9.0,6.42,6.97,6.71,6.61,6.86,6.28,5.76,4.96,4.39,4.05,3.74,3.47,3.28,3.03,2.85,2.68,2.48,2.13,1.95,1.96,2.04,1.6,1.97,1.39,1.29
Myanmar,GCP,Total fossil fuels and cement,CO2,MtCO₂e,26.33,25.41,24.96,22.18,16.18,12.94,11.9,15.07,13.08,10.16,9.72,12.8,12.78,11.53,12.37,9.78,9.15,8.68,10.04,8.93,8.04,7.44,7.2,6.91,6.2,5.3,4.84,4.14,4.23,4.43,4.09,4.94,6.76,6.68,6.55,5.75,5.58,5.62,5.51,5.09,5.15,5.17,4.89,4.58,4.67,4.11,4.89,5.1,4.61,3.21,2.93,3.62,2.81,2.73,2.86,2.63,2.88,2.59,2.71
Dominican Republic,GCP,Total fossil fuels and cement,CO2,MtCO₂e,24.86,24.4,24.67,23.54,21.57,20.99,21.49,21.32,20.57,19.81,20.27,20.76,19.42,18.38,18.07,21.26,21.07,19.59,19.59,18.38,18.25,17.9,17.2,15.77,12.38,11.67,10.82,9.95,9.15,10.26,9.74,9.69,8.12,7.24,7.39,7.87,6.3,6.14,6.43,6.79,5.43,5.6,6.32,6.33,6.41,5.96,4.67,3.52,3.11,2.65,2.35,1.57,1.67,1.55,1.75,1.25,1.24,1.03,1.04
Lebanon,GCP,Total fossil fuels and cement,CO2,MtCO₂e,24.23,24.06,24.44,24.1,23.7,22.2,22.36,20.26,20.0,20.96,17.42,13.75,14.79,16.65,17.21,18.53,16.24,16.41,15.47,16.43,16.29,15.1,12.75,12.25,11.11,10.36,9.73,8.11,7.87,7.72,7.35,7.67,7.48,7.77,6.71,6.94,5.72,5.84,5.89,5.79,5.5,5.39,5.92,6.27,7.09,7.07,5.65,5.3,3.94,4.34,3.69,3.56,3.62,3.31,3.26,3.02,2.85,2.68,2.58
Jordan,GCP,Total fossil fuels and cement,CO2,MtCO₂e,24.09,24.18,24.37,25.5,25.89,23.81,23.81,21.24,20.61,21.34,20.72,21.44,20.53,20.44,18.67,16.98,16.42,15.61,15.2,14.27,14.25,14.07,13.83,13.21,13.25,11.77,11.98,9.9,10.48,9.08,9.18,9.51,9.17,8.42,8.25,7.3,6.26,5.83,4.7,3.78,3.63,3.15,2.94,2.49,2.23,2.2,1.91,1.65,1.56,1.76,1.5,1.41,1.58,1.42,1.24,1.22,1.05,0.98,0.74
Sri Lanka,GCP,Total fossil fuels and cement,CO2,MtCO₂e,23.37,24.48,23.03,19.83,17.69,14.68,15.8,14.89,13.05,12.94,11.99,12.15,11.79,11.94,12.15,10.95,10.95,10.33,10.13,8.52,7.74,7.52,6.97,5.82,5.44,4.98,5.11,4.14,3.83,3.45,3.46,4.03,3.66,3.92,3.85,4.85,4.47,4.01,3.39,3.81,3.44,2.91,2.8,2.89,2.93,3.68,3.54,3.19,3.59,4.32,3.24,2.95,2.66,2.66,2.27,2.53,2.56,2.33,2.26
Bolivia,GCP,Total fossil fuels and cement,CO2,MtCO₂e,22.26,21.71,21.21,19.7,19.97,18.81,18.51,16.01,14.93,13.63,13.04,12.18,14.92,12.07,11.02,11.01,10.33,8.56,11.0,10.38,10.92,10.88,9.77,9.8,8.59,7.79,6.62,5.97,5.73,4.97,4.29,4.01,3.76,4.11,4.03,4.28,4.34,4.78,4.66,4.73,5.02,4.47,4.57,4.06,3.51,3.45,3.57,3.06,2.48,2.55,2.18,1.89,1.69,1.51,1.48,1.21,1.1,1.04,1.0
Bosnia and Herzegovina,GCP,Total fossil fuels and cement,CO2,MtCO₂e,21.67,21.78,21.73,18.46,19.31,21.8,22.14,23.76,21.15,20.54,19.96,17.47,17.39,16.05,15.46,14.35,14.17,13.26,13.7,10.33,10.55,8.37,4.24,3.4,3.2,12.58,15.03,13.77,19.45,19.55,19.61,19.01,19.47,18.64,18.28,17.33,16.09,17.52,16.1,16.37,15.05,13.47,13.85,13.42,12.87,12.81,10.72,11.44,10.62,8.13,7.84,7.33,7.25,7.32,7.11,6.28,5.65,5.5,5.25
Sudan,GCP,Total fossil fuels and cement,CO2,MtCO₂e,21.05,20.5,19.54,19.39,15.44,15.08,14.22,13.99,14.38,14.18,13.63,12.9,10.98,10.03,10.47,8.28,7.42,5.82,5.05,4.64,4.28,4.94,4.03,3.9,3.78,2.75,3.99,4.47,4.77,3.43,4.43,3.06,3.88,3.72,3.2,3.57,3.5,3.33,3.43,3.27,3.15,3.48,3.44,3.88,5.2,4.97,4.93,4.56,4.45,3.83,2.84,2.92,2.42,2.22,1.7,1.54,1.36,1.27,1.25
Estonia,GCP,Total fossil fuels and cement,CO2,MtCO₂e,19.56,18.65,17.48,15.89,18.9,19.7,17.94,19.1,19.02,14.61,17.87,20.07,16.43,17.13,17.28,17.09,15.23,15.71,15.36,15.72,16.91,18.48,18.92,18.2,19.9,19.06,24.51,34.04,37.07,28.03,28.66,27.92,28.06,27.98,25.97,25.74,25.37,24.91,25.37,24.41,24.22,23.41,22.63,21.8,20.73,19.95,19.12,18.16,17.11,16.26,15.61,15.17,14.5,13.73,12.94,12.17,11.34,10.8,10.47
Laos,GCP,Total fossil fuels and cement,CO2,MtCO₂e,19.32,18.23,17.52,8.81,4.33,4.01,3.4,3.17,3.0,2.66,2.13,1.83,1.75,1.34,1.28,1.22,1.16,1.06,0.96,0.85,0.82,0.79,0.75,0.67,0.63,0.61,0.59,0.55,0.51,0.23,0.21,0.21,0.21,0.21,0.18,0.18,0.16,0.15,0.19,0.22,0.23,0.23,0.22,0.25,0.29,0.52,0.49,0.42,0.57,0.32,0.17,0.32,0.23,0.18,0.17,0.15,0.13,0.11,0.08
Croatia,GCP,Total fossil fuels and cement,CO2,MtCO₂e,18.6,18.72,18.08,17.84,17.71,18.45,19.12,20.7,21.06,21.85,23.66,24.92,23.6,23.38,22.92,23.28,21.93,20.82,19.7,20.13,19.29,18.59,17.52,16.93,16.23,16.97,16.51,17.19,23.34,21.27,21.33,20.67,21.18,20.28,19.88,18.85,17.51,19.06,17.53,17.83,16.39,14.67,15.09,14.62,14.02,13.96,11.68,12.47,11.57,8.86,8.54,7.99,7.91,7.98,7.75,6.84,6.15,5.99,5.72
Kenya,GCP,Total fossil fuels and cement,CO2,MtCO₂e,18.49,18.06,17.15,16.3,13.77,12.77,11.99,12.93,11.75,11.97,9.91,9.54,9.34,8.34,7.44,6.59,7.82,9.24,10.3,10.03,9.9,8.12,9.16,7.41,6.42,6.22,5.4,4.71,5.69,5.09,4.69,5.08,4.07,3.72,4.25,4.59,4.63,6.47,6.15,5.01,5.3,5.04,4.6,4.97,4.94,3.91,3.87,3.68,3.08,3.13,2.82,2.7,2.68,2.46,2.82,2.85,2.62,2.4,2.42
Guatemala,GCP,Total fossil fuels and cement,CO2,MtCO₂e,18.37,16.21,16.38,15.43,13.55,12.58,11.56,11.24,11.1,11.44,10.89,12.14,12.18,12.11,11.18,10.45,10.72,10.23,9.77,8.81,8.64,7.5,6.57,7.08,6.75,5.58,5.92,4.95,4.97,4.19,4.08,3.92,3.66,3.5,3.4,3.16,3.61,3.95,4.49,4.68,4.12,3.8,3.3,3.52,3.07,2.93,2.71,2.44,2.3,2.28,2.14,1.98,1.74,1.97,1.77,1.52,1.38,1.41,1.34
Ghana,GCP,Total fossil fuels and cement,CO2,MtCO₂e,18.3,17.64,16.21,16.11,14.75,14.18,14.32,11.23,9.71,7.5,8.93,9.62,9.16,6.8,7.15,7.44,7.23,6.73,6.1,6.37,6.25,6.2,5.47,5.15,5.09,4.31,3.66,4.21,3.79,3.3,3.41,3.26,3.03,3.3,2.57,3.64,3.03,3.03,2.55,2.65,2.96,2.99,2.43,2.74,2.93,2.47,2.42,2.29,2.62,1.69,1.76,1.49,1.44,1.7,1.65,1.72,1.43,1.34,1.46
Ethiopia,GCP,Total fossil fuels and cement,CO2,MtCO₂e,14.94,14.62,13.94,12.88,11.82,9.91,8.1,6.89,6.34,6.48,6.42,5.84,5.32,4.96,5.16,4.87,4.43,4.26,3.46,3.1,3.15,2.98,2.79,2.51,2.2,2.99,2.94,2.96,2.99,2.79,2.64,2.55,2.2,1.8,1.65,1.83,1.47,1.86,1.82,1.84,1.37,1.05,1.17,1.21,1.74,1.75,1.41,1.85,1.65,1.67,1.73,1.07,0.82,0.64,0.41,0.42,0.4,0.34,0.35
Slovenia,GCP,Total fossil fuels and cement,CO2,MtCO₂e,14.43,14.26,14.41,13.61,13.52,15.18,15.81,16.35,16.37,16.32,18.22,17.28,17.14,16.95,16.65,16.29,16.53,16.38,15.45,15.34,15.96,16.25,15.92,15.25,14.64,14.3,14.01,14.0,15.09,16.09,16.17,15.6,16.01,15.33,15.03,14.25,13.24,14.43,13.27,13.51,12.42,11.12,11.44,11.1,10.64,10.6,8.88,9.48,8.8,6.73,6.49,6.07,6.01,6.07,5.9,5.2,4.68,4.56,4.35
Lithuania,GCP,Total fossil fuels and cement,CO2,MtCO₂e,13.55,13.41,13.12,13.13,12.87,13.11,14.14,14.07,13.71,12.83,15.09,15.77,14.41,14.09,13.17,12.59,12.6,12.5,11.79,13.41,15.89,15.07,15.66,15.0,15.75,16.33,21.19,37.88,35.79,34.07,34.79,33.86,33.99,33.86,31.43,31.12,30.65,30.07,30.58,29.41,29.17,28.17,27.21,26.19,24.87,23.9,22.88,21.7,20.4,19.39,18.61,18.08,17.28,16.36,15.42,14.49,13.5,12.85,12.45
Tanzania,GCP,Total fossil fuels and cement,CO2,MtCO₂e,12.5,12.12,11.61,12.58,11.24,10.91,9.24,7.81,6.84,5.69,5.94,5.71,5.88,5.36,4.23,3.69,3.49,3.04,2.57,2.46,2.48,2.82,2.53,2.43,2.06,2.43,2.18,2.25,2.11,2.16,2.27,2.37,2.28,2.34,2.35,2.2,2.15,2.11,1.87,2.06,2.2,2.01,2.79,2.28,2.3,3.18,2.16,2.46,1.77,1.79,1.65,1.76,1.37,1.16,1.03,0.8,0.77,0.7,0.83
Zimbabwe,GCP,Total fossil fuels and cement,CO2,MtCO₂e,12.26,12.03,10.81,12.16,11.96,11.63,7.7,9.5,7.71,5.52,7.72,9.83,10.36,10.7,9.43,10.61,11.9,12.51,13.82,15.73,14.14,14.29,14.89,15.03,17.68,16.26,16.92,15.87,15.57,16.11,16.03,15.17,13.07,10.21,9.88,10.43,8.78,9.41,9.61,9.43,9.28,9.28,10.85,8.31,9.05,9.27,8.22,8.73,8.15,6.74,6.38,5.29,6.04,5.21,4.47,4.7,4.89,5.06,5.94
Senegal,GCP,Total fossil fuels and cement,CO2,MtCO₂e,11.71,11.31,10.38,10.12,8.83,7.86,7.36,7.82,7.28,4.34,4.74,4.83,4.42,5.54,4.99,4.8,4.35,4.18,3.81,3.6,3.33,3.18,3.66,3.43,3.84,3.54,3.42,3.38,3.14,3.66,2.71,2.42,2.64,2.65,3.28,2.61,3.04,3.28,3.34,2.89,2.62,2.24,1.77,2.58,1.85,1.55,1.45,1.35,1.31,0.49,0.0,0.7,1.72,1.69,0.92,0.86,0.81,0.81,0.83
Panama,GCP,Total fossil fuels and cement,CO2,MtCO₂e,10.94,10.41,10.46,10.88,10.86,11.37,9.77,9.95,9.07,8.42,7.31,7.2,7.37,6.74,5.71,6.08,5.81,6.94,5.72,5.61,5.89,5.59,4.58,2.94,4.29,3.9,4.23,3.22,2.75,2.51,2.91,3.18,2.73,2.61,2.87,3.48,3.28,3.32,3.11,3.18,2.83,3.46,3.61,3.66,3.02,3.24,2.8,2.6,2.2,2.05,2.02,1.7,1.66,1.53,1.24,1.18,1.19,1.1,1.0
Georgia,GCP,Total fossil fuels and cement,CO2,MtCO₂e,10.56,10.66,9.91,9.59,8.78,8.01,8.25,7.8,6.21,6.13,5.31,6.36,6.1,5.02,4.28,3.74,3.35,3.73,4.5,4.31,4.94,4.43,4.06,2.29,6.07,9.92,15.28,21.39,27.51,29.43,30.1,29.32,29.45,29.38,27.25,27.02,26.64,26.15,26.65,25.65,25.44,24.59,23.79,22.91,21.79,20.98,20.12,19.11,18.01,17.12,16.43,15.98,15.28,14.46,13.63,12.82,11.95,11.38,11.03
Cambodia,GCP,Total fossil fuels and cement,CO2,MtCO₂e,10.4,10.02,9.72,8.45,6.52,5.48,5.33,5.11,5.03,4.57,3.81,3.45,3.0,2.77,2.44,2.38,2.21,2.25,1.97,1.89,1.94,1.53,1.6,1.54,1.47,1.39,1.35,1.3,1.26,0.45,0.45,0.44,0.43,0.42,0.41,0.37,0.34,0.3,0.29,0.03,0.05,0.07,0.07,0.07,0.07,0.13,0.12,0.25,1.17,1.34,0.49,0.42,0.47,0.4,0.34,0.39,0.31,0.29,0.23
Yemen,GCP,Total fossil fuels and cement,CO2,MtCO₂e,10.14,10.11,10.24,12.7,24.19,24.98,18.27,20.19,23.15,24.25,22.03,20.72,21.09,19.79,18.65,17.08,15.55,16.02,14.47,13.72,12.06,11.32,10.53,10.35,8.98,8.63,9.87,9.13,9.52,9.94,9.55,8.63,8.19,8.57,7.1,6.29,5.93,4.23,3.31,3.22,3.1,2.98,2.56,2.17,2.25,2.73,1.49,1.97,2.51,4.68,11.64,3.05,3.46,3.93,3.63,2.92,3.88,2.66,3.63
Kyrgyzstan,GCP,Total fossil fuels and cement,CO2,MtCO₂e,10.08,9.46,9.64,10.28,10.09,9.66,10.0,7.55,6.31,6.74,7.55,6.52,5.42,5.51,5.81,5.38,4.92,3.86,4.6,4.65,5.91,5.57,5.66,4.51,6.15,8.5,11.08,18.59,21.19,22.7,23.23,22.63,22.74,22.68,21.04,20.86,20.57,20.2,20.6,19.83,19.68,19.04,18.43,17.76,16.89,16.26,15.6,14.83,13.97,13.27,12.75,12.4,11.87,11.23,10.59,9.96,9.29,8.85,8.59
Honduras,GCP,Total fossil fuels and cement,CO2,MtCO₂e,9.92,9.58,9.62,9.82,9.31,9.22,8.97,8.61,7.93,7.68,8.48,8.6,7.46,7.43,7.24,6.66,5.99,5.61,4.93,4.67,4.58,4.08,3.89,3.83,3.29,2.8,3.03,2.65,2.55,2.69,2.47,2.15,1.83,1.89,1.96,1.98,1.75,1.81,2.04,1.93,2.04,2.0,1.77,1.67,1.56,1.51,1.53,1.33,1.39,1.18,1.22,0.88,0.81,0.75,0.72,0.71,0.7,0.74,0.62
Luxembourg,GCP,Total fossil fuels and cement,CO2,MtCO₂e,9.58,9.24,9.08,9.33,9.83,10.3,10.85,11.11,11.22,10.65,11.2,11.33,11.94,12.11,11.85,10.47,10.0,9.22,8.73,8.14,7.69,8.57,9.21,9.16,11.55,12.36,12.22,12.47,11.85,9.88,9.13,8.84,9.13,9.25,9.02,8.38,8.94,9.5,11.08,12.17,11.89,10.96,11.87,11.87,14.43,14.18,13.49,13.19,13.74,13.18,12.26,11.35,11.61,12.19,12.3,11.44,11.54,11.58,11.51
Nepal,GCP,Total fossil fuels and cement,CO2,MtCO₂e,9.45,9.1,8.84,6.01,7.66,6.28,5.52,5.28,4.89,4.19,3.38,2.58,2.53,3.05,2.64,2.81,2.6,3.24,3.04,3.19,2.22,2.76,2.46,2.41,1.7,1.47,1.29,1.07,0.77,0.89,0.98,0.86,0.7,0.68,0.7,0.49,0.44,0.45,0.54,0.51,0.33,0.34,0.28,0.35,0.42,0.42,0.27,0.2,0.23,0.4,0.25,0.21,0.19,0.18,0.15,0.1,0.09,0.08,0.08
Afghanistan,GCP,Total fossil fuels and cement,CO2,MtCO₂e,9.44,8.97,8.65,9.02,8.45,9.04,10.74,12.23,8.45,6.76,4.2,2.27,1.64,1.32,0.91,1.21,1.06,0.81,0.77,0.81,1.03,1.08,1.17,1.23,1.28,1.33,1.38,2.43,2.6,2.76,2.86,3.11,3.13,3.5,2.82,2.52,2.1,1.98,1.76,2.23,2.16,2.39,1.98,2.12,1.92,1.64,1.53,1.89,1.67,0.94,1.22,1.28,1.09,1.01,0.84,0.71,0.69,0.49,0.41
Côte d'Ivoire,GCP,Total fossil fuels and cement,CO2,MtCO₂e,8.39,7.99,7.87,9.41,9.74,9.53,8.34,6.34,6.06,5.51,6.59,6.54,6.81,7.5,7.34,5.13,6.96,7.4,6.46,5.94,6.58,7.01,7.34,6.12,4.13,5.09,3.84,4.31,4.78,8.27,8.8,7.35,5.58,6.98,5.13,4.52,5.55,3.87,5.57,5.42,4.81,4.05,3.96,3.99,3.24,2.88,2.71,2.45,2.24,1.89,1.6,1.36,1.24,1.17,0.76,0.62,0.59,0.55,0.46
Mozambique,GCP,Total fossil fuels and cement,CO2,MtCO₂e,8.29,8.02,7.73,6.31,8.26,4.06,2.98,3.11,2.63,2.44,2.18,2.19,1.91,1.77,1.86,1.86,1.54,1.55,1.32,1.17,1.11,1.17,1.09,1.11,1.06,1.08,1.0,1.02,1.02,1.03,1.01,0.98,0.98,1.13,1.51,1.95,2.52,2.48,3.2,2.63,2.87,2.71,2.56,2.88,3.15,3.56,3.3,3.61,2.98,3.24,2.78,1.87,2.12,2.0,2.14,1.66,1.99,2.63,1.88
Jamaica,GCP,Total fossil fuels and cement,CO2,MtCO₂e,8.19,8.17,8.16,7.58,7.29,7.95,7.33,7.67,7.12,7.62,9.94,9.62,11.42,10.35,10.57,10.67,10.2,10.58,10.31,9.96,9.69,10.07,9.69,9.17,8.19,8.0,7.71,7.75,7.53,6.72,4.53,5.38,4.55,5.04,5.14,6.45,6.21,7.41,8.45,8.53,9.11,7.44,7.28,8.18,7.59,8.29,6.28,5.75,4.99,4.27,3.88,3.86,3.52,2.99,4.06,2.4,2.12,2.13,1.47
Cameroon,GCP,Total fossil fuels and cement,CO2,MtCO₂e,8.14,8.0,8.0,7.74,6.65,4.86,5.87,6.16,6.66,6.6,5.43,5.7,3.75,3.59,3.85,3.7,3.32,3.33,3.35,3.0,3.14,3.16,3.59,3.2,2.84,2.88,2.73,0.06,0.63,7.58,2.15,1.84,1.99,6.47,6.05,6.55,6.32,5.32,3.89,1.82,1.99,1.56,1.09,1.16,0.97,0.9,0.86,0.81,0.64,0.57,0.51,0.46,0.34,0.31,0.34,0.3,0.29,0.28,0.27
Costa Rica,GCP,Total fossil fuels and cement,CO2,MtCO₂e,8.06,7.82,7.84,7.33,7.67,7.55,7.18,7.22,7.43,7.68,7.91,7.89,6.97,6.69,6.8,6.53,6.23,5.67,5.39,5.44,5.24,4.92,4.69,4.8,5.2,3.89,3.74,3.29,2.91,2.93,2.91,2.72,2.58,2.24,1.98,2.09,2.07,2.24,2.45,2.78,2.91,2.61,2.08,2.04,1.9,2.04,1.76,1.53,1.25,1.15,1.04,0.88,0.99,0.85,0.67,0.6,0.55,0.49,0.49
Brunei,GCP,Total fossil fuels and cement,CO2,MtCO₂e,7.93,7.6,7.54,6.95,8.93,7.63,9.49,9.54,8.06,7.75,8.99,8.31,4.74,4.87,4.87,4.47,4.25,4.39,4.59,3.8,5.16,4.93,4.74,4.79,4.69,4.96,5.21,5.31,6.19,6.34,5.71,3.32,2.3,2.59,1.92,2.7,2.09,1.47,6.88,7.43,9.53,6.39,6.02,7.08,8.18,9.97,9.45,7.51,8.2,0.49,0.43,0.44,0.49,0.33,0.34,0.36,0.37,0.3,0.33
Papua New Guinea,GCP,Total fossil fuels and cement,CO2,MtCO₂e,7.84,7.59,7.43,7.38,5.77,5.16,4.98,5.22,4.66,5.09,4.79,6.12,4.31,4.38,4.48,3.94,3.48,3.21,2.66,2.44,2.86,2.58,2.19,2.06,2.18,2.19,2.19,2.17,2.15,2.03,2.2,2.33,2.06,2.13,2.04,2.01,1.95,1.93,1.83,1.8,1.67,1.58,1.57,1.53,1.59,1.34,1.27,0.82,0.69,0.56,0.5,0.44,0.34,0.3,0.27,0.26,0.2,0.2,0.18
Cyprus,GCP,Total fossil fuels and cement,CO2,MtCO₂e,7.49,7.53,7.35,6.95,6.92,6.54,7.22,7.75,8.06,8.43,8.68,8.51,8.19,8.0,7.82,7.58,7.19,7.0,7.13,6.88,6.61,6.32,6.23,5.88,6.01,5.76,5.52,5.14,4.65,4.43,4.2,4.18,3.61,3.14,3.23,3.15,3.16,3.1,3.26,3.04,2.84,2.7,2.49,1.99,1.93,2.5,2.41,1.88,1.7,1.67,1.62,1.36,1.24,1.15,1.0,0.99,0.9,0.86,0.89
Paraguay,GCP,Total fossil fuels and cement,CO2,MtCO₂e,7.43,7.17,7.15,6.05,5.46,5.17,5.17,5.2,5.02,4.53,4.28,4.04,3.91,3.78,4.06,4.03,3.86,3.7,3.61,4.38,4.38,4.13,3.72,3.94,3.4,2.91,2.58,2.1,2.14,2.22,2.14,1.88,1.66,1.55,1.49,1.41,1.36,1.38,1.49,1.33,1.45,1.15,1.03,0.84,0.95,0.87,0.71,0.63,0.74,0.52,0.59,0.49,0.51,0.55,0.43,0.41,0.39,0.36,0.3
Macedonia,GCP,Total fossil fuels and cement,CO2,MtCO₂e,7.27,7.35,7.05,7.09,7.53,7.85,8.81,9.3,8.6,8.69,9.39,9.49,10.93,11.27,11.18,11.3,10.93,11.99,12.05,11.71,12.62,10.63,11.73,10.68,10.29,10.17,11.03,10.12,14.27,14.35,14.39,13.95,14.29,13.68,13.41,12.72,11.81,12.86,11.81,12.01,11.04,9.88,10.16,9.85,9.44,9.4,7.87,8.39,7.79,5.96,5.75,5.37,5.32,5.37,5.22,4.61,4.14,4.03,3.85
Latvia,GCP,Total fossil fuels and cement,CO2,MtCO₂e,7.19,7.24,7.23,7.28,7.19,7.39,7.52,7.81,8.55,7.46,8.2,8.64,8.31,7.81,7.74,7.73,7.51,7.48,7.07,7.7,8.28,8.65,9.17,9.09,10.3,11.82,14.08,17.78,19.5,17.95,18.35,17.88,17.95,17.9,16.6,16.45,16.22,15.91,16.21,15.6,15.47,14.95,14.46,13.92,13.23,12.74,12.21,11.6,10.92,10.38,9.97,9.69,9.27,8.77,8.27,7.77,7.25,6.9,6.69
Benin,GCP,Total fossil fuels and cement,CO2,MtCO₂e,7.15,6.9,6.27,5.86,5.22,4.88,4.64,4.89,4.94,4.51,4.25,4.32,3.71,2.37,2.48,2.33,2.05,1.79,1.57,1.54,1.19,1.2,1.23,1.27,1.22,1.09,0.86,0.79,0.68,0.61,0.54,0.52,0.67,0.73,0.49,0.44,0.48,0.42,0.51,0.37,0.36,0.3,0.26,0.44,0.41,0.38,0.39,0.29,0.28,0.2,0.15,0.14,0.11,0.15,0.14,0.12,0.14,0.13,0.16
El Salvador,GCP,Total fossil fuels and cement,CO2,MtCO₂e,7.13,7.03,7.05,6.73,6.17,6.09,6.51,6.5,6.32,6.31,6.41,6.85,6.72,6.3,6.25,6.43,6.07,5.86,5.67,5.59,5.73,5.42,4.41,5.0,4.51,3.98,3.32,3.15,2.47,2.55,2.43,2.41,1.97,1.97,1.59,1.89,1.75,1.82,2.12,2.38,2.38,2.28,2.21,2.11,1.97,1.97,1.68,1.51,1.43,1.19,1.26,1.16,1.3,1.04,1.23,1.12,0.65,0.58,0.62
Uruguay,GCP,Total fossil fuels and cement,CO2,MtCO₂e,6.94,6.7,6.68,6.62,6.66,7.49,8.59,7.65,6.3,7.95,8.2,5.95,6.6,5.73,5.56,4.53,4.56,5.03,5.27,6.68,5.64,5.51,5.4,4.56,4.03,4.44,5.14,4.53,3.97,4.85,4.79,3.54,3.16,3.28,3.44,3.8,4.85,5.36,5.82,6.26,5.73,5.64,5.89,5.96,5.68,5.77,6.07,5.8,5.74,5.59,4.88,4.88,5.4,5.52,4.55,4.31,4.01,4.12,4.31
Botswana,GCP,Total fossil fuels and cement,CO2,MtCO₂e,6.67,6.91,6.33,5.42,6.85,5.66,5.08,4.03,4.54,3.86,4.5,4.23,4.13,4.09,3.89,3.83,3.98,3.85,3.78,3.16,3.34,2.8,2.76,3.04,3.03,3.2,2.78,2.63,2.7,1.43,1.3,1.24,1.07,1.16,1.04,1.03,1.1,1.01,0.99,0.94,0.83,0.78,0.59,0.19,0.09,0.05,0.02,N/A,N/A,N/A,N/A,N/A,N/A,N/A,N/A,N/A,N/A,N/A,N/A
Uganda,GCP,Total fossil fuels and cement,CO2,MtCO₂e,5.77,5.64,5.4,5.08,4.53,4.18,3.88,4.07,3.77,3.25,3.05,2.82,2.47,2.1,1.68,1.58,1.51,1.47,1.4,1.29,1.24,1.09,1.04,0.93,0.71,0.8,0.8,0.78,0.76,0.8,0.86,0.77,0.7,0.62,0.58,0.61,0.55,0.53,0.63,0.67,0.7,0.8,0.99,1.13,1.19,1.18,1.38,1.44,1.44,1.18,0.98,0.81,0.73,0.63,0.49,0.43,0.43,0.41,0.42
Equatorial Guinea,GCP,Total fossil fuels and cement,CO2,MtCO₂e,5.69,5.73,5.65,6.02,7.3,7.69,6.98,9.39,6.89,6.77,6.42,7.86,8.17,7.53,7.05,7.69,6.35,4.33,0.46,0.49,0.18,0.3,0.13,0.08,0.08,0.07,0.07,0.07,0.06,0.12,0.11,0.1,0.08,0.07,0.08,0.06,0.07,0.07,0.06,0.06,0.07,0.06,0.06,0.06,0.05,0.03,0.09,0.07,0.04,0.04,0.03,0.03,0.03,0.03,0.03,0.03,0.02,0.02,0.02
Nicaragua,GCP,Total fossil fuels and cement,CO2,MtCO₂e,5.57,5.5,5.51,5.25,4.6,4.35,4.55,4.81,4.47,4.44,4.37,4.55,4.42,4.27,4.38,4.34,3.99,3.92,3.72,3.6,3.39,3.11,2.85,2.75,2.52,2.28,2.37,1.99,2.04,1.47,2.24,2.43,2.26,1.98,1.85,2.0,2.11,2.13,2.02,1.71,2.63,2.83,2.22,1.93,1.95,1.83,1.6,1.51,1.4,1.29,1.23,1.08,0.96,0.78,0.95,0.84,0.66,0.56,0.53
Armenia,GCP,Total fossil fuels and cement,CO2,MtCO₂e,5.57,5.01,5.17,4.83,5.56,5.54,5.75,4.97,4.25,4.36,5.57,5.1,4.4,4.38,3.69,3.46,3.08,3.53,3.49,3.05,3.4,3.27,2.59,3.43,2.71,2.57,5.86,18.82,18.12,19.37,19.8,19.28,19.36,19.31,17.91,17.75,17.5,17.17,17.49,16.83,16.69,16.13,15.59,15.01,14.27,13.74,13.17,12.51,11.78,11.2,10.75,10.45,9.99,9.46,8.91,8.38,7.81,7.43,7.2
Tajikistan,GCP,Total fossil fuels and cement,CO2,MtCO₂e,5.48,5.15,5.16,4.85,4.49,2.87,2.9,2.32,2.51,2.43,2.88,3.2,2.63,2.42,2.55,2.06,1.87,2.29,2.23,2.52,2.49,2.15,2.82,2.44,2.35,5.16,7.29,9.11,10.12,10.83,11.08,10.79,10.84,10.81,10.03,9.94,9.81,9.63,9.81,9.44,9.37,9.06,8.76,8.44,8.03,7.73,7.41,7.04,6.63,6.3,6.05,5.88,5.63,5.33,5.02,4.72,4.4,4.19,4.06
Gabon,GCP,Total fossil fuels and cement,CO2,MtCO₂e,5.36,5.31,5.29,5.24,5.3,5.26,5.03,4.92,4.77,4.22,4.15,4.09,4.14,4.86,4.66,4.61,4.54,4.77,4.67,4.79,4.96,4.77,4.75,4.61,4.37,4.97,4.92,4.52,4.49,5.76,4.32,4.01,4.95,6.3,5.98,5.51,6.54,6.56,6.62,6.75,7.55,6.31,5.7,5.36,5.45,5.31,2.74,2.84,2.08,1.43,1.96,1.01,0.38,0.22,0.19,0.07,0.09,0.16,0.13
Zambia,GCP,Total fossil fuels and cement,CO2,MtCO₂e,5.23,5.12,4.84,4.3,4.26,3.76,3.49,2.78,2.56,2.41,2.11,1.87,2.23,2.24,2.1,2.08,1.96,1.88,1.79,1.78,2.28,2.35,1.84,2.14,2.39,2.47,2.42,2.38,2.41,2.57,3.11,2.67,2.87,2.73,2.8,3.26,3.51,3.36,3.52,3.6,3.47,3.73,4.02,4.08,4.2,4.59,4.06,3.79,3.77,4.27,4.57,4.79,3.5,3.91,3.28,3.44,3.58,3.71,4.36
Moldova,GCP,Total fossil fuels and cement,CO2,MtCO₂e,5.13,4.8,4.9,4.79,4.74,4.9,4.77,4.95,4.83,4.54,5.19,4.98,5.03,4.94,4.61,4.4,4.05,3.79,3.57,4.68,6.44,7.3,11.69,11.41,12.43,15.85,20.98,22.39,27.75,29.66,30.32,29.53,29.65,29.55,27.43,27.19,26.79,26.31,26.8,25.79,25.59,24.75,23.93,23.05,21.91,21.09,20.23,19.22,18.11,17.2,16.51,16.05,15.34,14.51,13.66,12.84,11.97,11.39,11.03
Mauritius,GCP,Total fossil fuels and cement,CO2,MtCO₂e,4.86,4.74,4.35,4.21,4.21,4.07,3.96,3.92,3.91,3.71,3.77,3.69,3.63,3.29,3.09,3.06,2.88,2.86,2.69,2.43,2.17,2.0,1.95,1.83,1.62,1.77,1.71,1.52,1.46,1.05,0.85,0.93,0.8,0.71,0.63,0.6,0.5,0.54,0.59,0.66,0.63,0.64,0.62,0.59,0.69,0.68,0.69,0.4,0.5,0.57,0.64,0.5,0.27,0.3,0.31,0.21,0.25,0.19,0.18
Albania,GCP,Total fossil fuels and cement,CO2,MtCO₂e,4.57,4.65,4.53,4.61,5.49,4.91,4.92,5.24,4.59,4.37,4.37,3.92,3.89,4.25,4.16,4.29,3.75,3.22,3.02,2.98,1.75,1.54,2.02,2.08,1.92,2.33,2.51,4.28,5.51,8.98,7.32,7.44,8.05,7.87,7.82,7.62,7.3,7.34,5.17,7.58,6.49,5.72,4.95,4.59,4.34,5.29,5.64,4.35,3.74,3.24,3.07,2.68,2.55,2.17,2.02,2.08,2.46,2.28,2.02
Luxembourg,GCP,Total fossil fuels and cement,CO2,MtCO₂e,4.28,4.18,3.88,3.62,3.27,3.14,2.74,2.38,1.94,1.75,1.87,1.78,1.67,1.73,1.79,1.68,1.23,1.74,1.87,1.82,1.71,1.62,1.34,1.29,1.25,1.01,0.98,1.01,0.93,0.93,1.29,1.28,1.14,1.05,0.87,0.65,1.01,1.02,1.61,1.13,1.02,0.85,0.99,1.69,1.19,1.07,1.29,1.03,0.97,0.85,0.91,0.84,0.58,0.56,0.48,0.46,0.4,0.36,0.4
Namibia,GCP,Total fossil fuels and cement,CO2,MtCO₂e,4.27,4.22,4.19,3.96,3.71,2.6,3.36,2.76,3.1,3.07,3.32,2.36,2.33,2.31,1.96,1.87,1.76,2.02,1.64,1.66,1.82,1.77,1.72,1.62,1.57,1.39,1.15,1.06,N/A,N/A,N/A,N/A,N/A,N/A,N/A,N/A,N/A,N/A,N/A,N/A,N/A,N/A,N/A,N/A,N/A,N/A,N/A,N/A,N/A,N/A,N/A,N/A,N/A,N/A,N/A,N/A,N/A,N/A,N/A
Burkina Faso,GCP,Total fossil fuels and cement,CO2,MtCO₂e,3.9,3.76,3.38,3.3,2.91,2.86,2.62,2.13,2.04,1.83,1.73,1.59,1.36,1.12,1.1,1.07,1.0,0.99,1.03,0.91,0.86,0.8,0.7,0.62,0.64,0.63,0.63,0.63,0.58,0.82,0.55,0.52,0.48,0.48,0.47,0.59,0.58,0.56,0.43,0.41,0.35,0.25,0.21,0.22,0.21,0.17,0.16,0.15,0.14,0.12,0.1,0.1,0.1,0.1,0.11,0.09,0.08,0.09,0.04
Iceland,GCP,Total fossil fuels and cement,CO2,MtCO₂e,3.63,3.61,3.49,3.53,3.46,3.48,3.49,3.49,3.62,3.73,3.8,3.49,3.15,2.97,3.1,2.98,2.99,2.86,2.93,2.84,2.64,2.62,2.52,2.47,2.36,2.42,2.26,2.12,2.24,1.89,1.84,1.84,1.78,1.62,1.81,1.54,1.59,1.75,1.86,1.98,1.92,1.9,1.7,1.61,1.74,1.75,1.48,1.47,1.39,1.26,1.59,1.44,1.49,1.4,1.31,1.3,1.2,1.09,1.21
Mali,GCP,Total fossil fuels and cement,CO2,MtCO₂e,3.56,3.44,3.11,3.1,2.91,2.65,2.3,2.16,1.97,1.78,1.56,1.3,1.08,0.92,0.89,0.86,0.86,0.84,0.83,0.8,0.77,0.53,0.49,0.47,0.47,0.46,0.45,0.43,0.42,0.42,0.38,0.36,0.38,0.41,0.43,0.42,0.37,0.39,0.39,0.43,0.39,0.41,0.34,0.34,0.3,0.27,0.25,0.23,0.2,0.16,0.2,0.22,0.19,0.2,0.18,0.18,0.14,0.12,0.12
Togo,GCP,Total fossil fuels and cement,CO2,MtCO₂e,3.42,3.32,3.06,2.7,2.18,2.13,2.22,2.5,2.6,2.74,1.52,1.52,1.5,1.72,1.74,1.8,1.32,1.16,1.33,1.85,1.29,0.88,1.27,1.17,1.0,1.07,1.03,1.05,0.97,1.02,0.96,0.92,0.85,0.66,0.69,0.62,0.82,0.71,0.79,1.38,0.36,0.46,0.32,0.31,0.39,0.41,0.4,0.32,0.27,0.24,0.19,0.2,0.18,0.13,0.13,0.11,0.09,0.09,0.07
Republic of Congo,GCP,Total fossil fuels and cement,CO2,MtCO₂e,3.23,3.18,3.17,3.15,3.1,3.21,2.94,2.24,1.96,1.72,1.3,1.2,1.11,0.97,0.95,0.92,0.58,0.77,1.05,0.82,0.78,2.34,1.71,1.56,2.14,1.53,1.56,1.26,1.18,1.5,1.49,1.32,1.06,1.28,1.14,1.14,1.34,0.47,0.41,0.35,0.32,0.48,1.23,1.1,1.62,1.22,0.66,0.69,0.57,0.5,0.45,0.32,0.31,0.25,0.27,0.23,0.24,0.27,0.22
Palestine,GCP,Total fossil fuels and cement,CO2,MtCO₂e,3.21,3.18,3.23,3.0,2.84,2.44,2.2,2.25,2.03,2.09,2.05,2.32,2.26,2.74,2.19,1.28,1.15,1.35,1.66,1.37,1.46,0.86,1.04,0.95,0.97,0.93,0.92,0.88,0.86,N/A,N/A,N/A,N/A,N/A,N/A,N/A,N/A,N/A,N/A,N/A,N/A,N/A,N/A,N/A,N/A,N/A,N/A,N/A,N/A,N/A,N/A,N/A,N/A,N/A,N/A,N/A,N/A,N/A,N/A
Guinea,GCP,Total fossil fuels and cement,CO2,MtCO₂e,3.18,3.06,2.74,2.45,2.17,2.11,2.42,2.59,2.48,2.11,2.0,1.97,1.89,1.82,1.76,1.7,1.62,1.56,1.49,1.43,1.36,1.29,1.23,1.17,1.12,1.09,1.06,1.03,1.0,1.04,1.03,0.99,1.0,0.99,0.98,0.95,0.98,0.99,0.96,0.95,0.9,0.9,0.89,0.84,0.84,0.8,0.83,0.81,0.79,0.75,0.75,0.73,0.72,0.7,0.7,0.7,0.66,0.62,0.41
Haiti,GCP,Total fossil fuels and cement,CO2,MtCO₂e,3.0,2.98,2.95,2.91,2.78,2.29,2.19,2.09,2.09,2.24,2.37,2.36,2.08,2.05,1.96,1.71,1.8,1.55,1.34,1.31,1.23,1.35,1.02,0.88,0.18,0.69,0.89,0.98,0.99,1.02,1.01,0.9,0.83,0.93,0.9,0.89,0.82,0.76,0.75,0.75,0.75,0.7,0.67,0.48,0.47,0.42,0.39,0.4,0.38,0.31,0.26,0.26,0.3,0.3,0.3,0.25,0.3,0.3,0.29
Lesotho,GCP,Total fossil fuels and cement,CO2,MtCO₂e,2.66,2.79,2.51,2.35,2.43,2.42,2.4,2.33,2.28,2.22,2.13,2.07,2.04,2.01,1.98,1.93,1.91,1.88,1.85,1.82,1.8,1.77,1.74,1.71,1.67,1.63,1.59,1.53,1.47,N/A,N/A,N/A,N/A,N/A,N/A,N/A,N/A,N/A,N/A,N/A,N/A,N/A,N/A,N/A,N/A,N/A,N/A,N/A,N/A,N/A,N/A,N/A,N/A,N/A,N/A,N/A,N/A,N/A,N/A
Mauritania,GCP,Total fossil fuels and cement,CO2,MtCO₂e,2.66,2.56,2.3,2.46,2.5,2.04,2.33,2.11,1.96,1.96,1.77,1.64,1.42,1.44,1.39,1.29,1.25,1.17,1.11,1.1,1.07,1.08,1.06,1.01,0.96,0.93,0.91,0.87,0.85,2.8,3.18,3.24,0.37,0.66,0.87,0.94,0.88,0.63,0.63,0.6,0.58,0.56,0.52,0.51,0.48,0.47,0.45,0.4,0.43,0.27,0.23,0.2,0.18,0.16,0.12,0.09,0.06,0.05,0.04
Guyana,GCP,Total fossil fuels and cement,CO2,MtCO₂e,2.43,2.35,2.34,2.0,2.01,1.93,1.99,1.78,1.72,1.56,1.56,1.56,1.29,1.44,1.63,1.56,1.58,1.59,1.61,1.68,1.66,1.59,1.52,1.46,1.39,1.05,1.05,1.12,1.14,1.18,1.4,1.31,1.04,1.42,1.4,1.25,1.4,1.8,1.79,1.52,2.06,1.9,1.75,1.82,1.55,1.8,1.56,1.5,1.58,1.37,1.33,1.32,1.18,1.08,0.65,0.62,0.68,0.74,0.66
Niger,GCP,Total fossil fuels and cement,CO2,MtCO₂e,2.32,2.23,2.01,2.02,2.05,1.89,1.75,1.32,1.17,0.96,0.8,0.72,0.69,0.71,0.81,0.75,0.69,0.65,0.69,0.68,0.7,0.65,0.64,0.56,0.58,0.6,0.53,0.57,0.6,1.04,0.99,1.0,0.9,0.99,0.99,0.96,0.75,0.68,0.57,0.48,0.42,0.37,0.33,0.33,0.29,0.33,0.25,0.23,0.22,0.19,0.16,0.13,0.14,0.09,0.1,0.09,0.07,0.05,0.03
Fiji,GCP,Total fossil fuels and cement,CO2,MtCO₂e,2.13,2.07,2.02,2.13,1.62,1.32,1.04,1.07,1.2,0.78,0.88,1.14,1.2,1.08,1.34,1.04,0.88,1.05,0.83,0.78,0.76,0.78,0.81,0.75,0.74,0.74,0.74,0.66,0.81,0.63,0.55,0.47,0.6,0.57,0.58,0.71,0.84,1.08,0.79,0.84,0.71,0.76,0.48,0.62,0.67,0.63,0.58,0.55,0.52,0.43,0.4,0.36,0.32,0.34,0.42,0.24,0.23,0.17,0.19
"Macao, Special Administrative Region of China",GCP,Total fossil fuels and cement,CO2,MtCO₂e,2.09,2.04,2.0,2.02,1.51,1.2,1.29,1.46,1.23,1.89,1.13,1.36,1.62,1.83,1.71,1.53,1.52,1.69,1.63,1.52,1.56,1.49,1.41,1.23,1.27,1.18,1.08,1.09,1.03,1.03,0.96,0.97,0.88,0.73,0.6,0.68,0.48,0.53,0.53,0.41,0.41,0.31,0.25,0.3,0.27,0.22,0.23,0.23,0.21,0.17,0.17,0.16,0.15,0.13,0.13,0.11,0.1,0.07,0.05
Democratic Republic of the Congo,GCP,Total fossil fuels and cement,CO2,MtCO₂e,2.04,1.99,2.0,2.79,4.63,3.54,2.36,2.44,1.96,1.7,1.81,1.7,1.55,1.45,1.15,1.04,0.85,0.77,0.89,1.32,1.65,1.88,2.31,2.1,1.7,2.66,2.81,3.13,4.25,4.35,3.98,3.82,3.35,3.61,3.93,4.0,3.05,3.76,3.49,3.74,3.53,3.48,3.4,3.23,3.36,3.19,3.02,2.96,2.71,3.65,3.37,2.29,2.4,2.47,1.97,2.29,2.17,2.36,2.32
Montenegro,GCP,Total fossil fuels and cement,CO2,MtCO₂e,2.01,2.03,2.02,2.24,2.11,2.15,2.21,2.41,2.42,1.68,2.61,2.06,2.06,1.75,2.04,1.89,1.77,1.67,1.52,1.21,1.76,1.67,1.55,1.33,1.26,1.29,1.48,1.36,1.92,1.93,1.93,1.87,1.92,1.84,1.8,1.71,1.59,1.73,1.59,1.61,1.48,1.33,1.37,1.32,1.27,1.26,1.06,1.13,1.05,0.8,0.77,0.72,0.71,0.72,0.7,0.62,0.56,0.54,0.52
South Sudan,GCP,Total fossil fuels and cement,CO2,MtCO₂e,1.87,1.82,1.73,1.94,1.54,1.45,1.33,1.3,1.33,1.3,1.24,1.18,1.0,0.91,0.95,0.76,0.68,0.53,0.46,0.42,0.39,0.45,0.37,0.36,0.35,0.25,0.36,0.41,0.43,0.31,0.4,0.28,0.35,0.34,0.29,0.33,0.32,0.3,0.31,0.3,0.29,0.32,0.31,0.35,0.47,0.45,0.45,0.41,0.4,0.35,0.26,0.27,0.22,0.2,0.15,0.14,0.12,0.12,0.11
Bahamas,GCP,Total fossil fuels and cement,CO2,MtCO₂e,1.81,1.8,1.78,2.02,2.35,2.87,1.91,1.8,2.39,1.6,2.36,1.8,1.78,1.83,1.97,1.96,1.93,1.87,1.95,1.95,1.91,1.53,1.73,1.74,1.75,1.76,1.85,1.84,1.84,1.95,1.54,1.42,1.41,1.51,1.85,2.01,2.26,2.8,7.97,6.92,6.6,9.71,6.46,8.25,7.38,7.86,6.48,6.72,2.57,1.74,1.63,1.7,1.09,1.32,1.08,0.71,0.73,0.55,0.41
Suriname,GCP,Total fossil fuels and cement,CO2,MtCO₂e,1.79,1.72,1.72,1.71,2.23,2.09,2.25,1.79,2.4,2.0,1.94,1.76,1.74,1.59,1.56,1.54,1.56,2.36,2.19,2.12,2.1,2.1,2.08,2.06,2.04,2.04,2.03,2.02,1.74,1.85,1.87,1.76,1.76,1.6,1.55,1.37,1.87,2.03,2.37,2.29,2.39,1.9,2.0,2.02,1.6,2.11,1.74,1.71,1.61,1.52,1.45,1.33,1.1,0.8,0.6,0.53,0.49,0.43,0.43
Malta,GCP,Total fossil fuels and cement,CO2,MtCO₂e,1.58,1.61,1.41,1.72,2.43,2.44,2.77,2.61,2.53,2.53,2.76,2.68,2.6,2.6,2.54,2.63,2.42,2.43,2.53,2.53,2.49,2.48,2.44,2.48,2.48,2.32,2.31,2.11,1.94,2.17,2.01,1.85,1.48,1.2,1.36,1.0,1.31,1.14,1.02,0.91,0.93,0.8,0.76,0.67,0.74,0.81,0.84,0.66,0.66,0.65,0.64,0.52,0.41,0.47,0.5,0.41,0.33,0.29,0.34
Liberia,GCP,Total fossil fuels and cement,CO2,MtCO₂e,1.56,1.5,1.36,1.21,1.19,0.88,0.96,0.85,0.76,0.48,0.54,0.63,0.67,0.66,0.55,0.47,0.43,0.45,0.42,0.39,0.48,0.45,0.43,0.42,0.42,0.42,0.39,0.37,0.47,0.66,0.81,0.76,0.72,0.72,0.7,0.71,0.6,1.93,2.04,1.94,1.5,1.47,1.48,1.48,1.72,1.48,1.51,1.52,1.45,1.27,0.88,0.61,0.61,0.56,0.48,0.36,0.25,0.16,0.16
Maldives,GCP,Total fossil fuels and cement,CO2,MtCO₂e,1.52,1.48,1.44,1.3,1.32,1.09,1.11,0.99,0.93,0.88,0.84,0.78,0.76,0.6,0.67,0.51,0.59,0.46,0.45,0.42,0.3,0.33,0.29,0.25,0.2,0.2,0.23,0.15,0.17,0.12,0.1,0.08,0.08,0.07,0.06,0.05,0.05,0.05,0.04,0.03,0.02,0.01,0.01,0.01,0.0,0.0,0.0,0.0,N/A,N/A,N/A,N/A,N/A,N/A,N/A,N/A,N/A,N/A,N/A
Malawi,GCP,Total fossil fuels and cement,CO2,MtCO₂e,1.38,1.35,1.26,1.12,1.02,1.16,1.13,1.14,1.03,1.09,1.09,0.97,0.92,0.91,0.91,0.9,0.85,0.79,0.86,0.92,0.92,0.95,0.9,0.91,0.9,0.88,0.79,0.78,0.74,0.56,0.54,0.54,0.55,0.55,0.55,0.57,0.59,0.6,0.71,0.63,0.67,0.64,0.58,0.58,0.55,0.57,0.55,0.5,0.45,0.38,0.39,0.37,0.43,0.35,0.33,0.35,0.36,0.37,0.44
Barbados,GCP,Total fossil fuels and cement,CO2,MtCO₂e,1.28,1.27,1.27,1.24,1.24,1.44,1.46,1.52,1.46,1.6,1.61,1.36,1.34,1.32,1.27,1.25,1.2,1.19,1.15,1.16,1.1,0.89,0.82,0.81,0.74,1.1,0.97,1.2,1.07,0.99,0.95,0.94,0.92,0.85,0.75,0.69,0.64,0.69,0.67,0.6,0.63,0.59,0.53,0.57,0.49,0.48,0.5,0.48,0.43,0.48,0.44,0.34,0.27,0.21,0.18,0.19,0.26,0.19,0.17
Bhutan,GCP,Total fossil fuels and cement,CO2,MtCO₂e,1.21,1.18,1.15,0.97,0.96,0.85,0.77,0.67,0.46,0.37,0.4,0.37,0.37,0.38,0.29,0.36,0.4,0.37,0.38,0.37,0.37,0.38,0.29,0.24,0.2,0.17,0.21,0.18,0.13,0.06,0.11,0.1,0.05,0.06,0.05,0.03,0.03,0.03,0.02,0.02,0.01,0.01,0.0,0.0,0.0,0.0,0.0,0.0,0.0,N/A,N/A,N/A,N/A,N/A,N/A,N/A,N/A,N/A,N/A
Eswatini,GCP,Total fossil fuels and cement,CO2,MtCO₂e,1.2,1.21,1.15,0.98,0.9,1.52,1.23,1.07,1.06,1.07,1.11,1.08,1.03,1.03,1.04,1.05,1.13,1.15,1.19,1.24,1.21,1.2,0.96,1.06,1.08,0.71,0.84,0.88,0.96,0.44,0.44,0.44,0.46,0.44,0.33,0.27,0.44,0.44,0.47,0.45,0.44,0.34,0.33,0.34,0.31,0.37,0.38,0.4,0.37,0.3,0.28,0.23,0.2,0.08,0.01,N/A,N/A,0.0,0.03
Rwanda,GCP,Total fossil fuels and cement,CO2,MtCO₂e,1.12,1.09,1.05,0.93,0.81,0.78,0.72,0.65,0.57,0.56,0.53,0.54,0.51,0.51,0.52,0.51,0.52,0.52,0.52,0.5,0.48,0.48,0.46,0.45,0.46,0.48,0.48,0.47,0.52,0.68,0.69,0.61,0.6,0.62,0.63,0.7,0.61,0.6,0.49,0.3,0.29,0.27,0.27,0.18,0.07,0.07,0.07,0.06,0.06,0.06,0.05,0.04,0.04,0.05,0.04,0.08,0.08,0.09,0.07
Sierra Leone,GCP,Total fossil fuels and cement,CO2,MtCO₂e,1.08,1.04,0.93,0.91,1.14,1.03,0.86,0.74,0.58,0.53,0.53,0.52,0.62,0.46,0.55,0.57,0.53,0.51,0.39,0.38,0.4,0.4,0.43,0.37,0.48,0.45,0.45,0.55,0.49,0.37,0.46,0.5,0.67,0.66,0.62,0.69,0.55,0.69,0.61,0.68,0.71,0.51,0.45,0.52,0.52,0.54,0.68,0.8,0.86,1.08,0.36,0.25,0.3,0.28,0.3,0.37,0.33,0.29,0.71
Chad,GCP,Total fossil fuels and cement,CO2,MtCO₂e,1.01,0.99,0.99,0.98,0.98,0.94,0.9,0.82,1.0,0.94,0.93,0.85,0.79,0.77,0.75,0.74,0.51,0.5,0.49,0.48,0.46,0.45,0.44,0.42,0.41,0.4,0.41,0.38,0.38,0.1,0.07,0.2,0.19,0.18,0.22,0.21,0.21,0.21,0.21,0.2,0.19,0.2,0.18,0.18,0.15,0.16,0.12,0.15,0.12,0.16,0.12,0.12,0.08,0.11,0.1,0.09,0.08,0.05,0.05
Aruba,GCP,Total fossil fuels and cement,CO2,MtCO₂e,0.9,0.89,0.88,0.9,0.87,0.86,1.35,2.5,2.51,2.63,2.66,2.82,2.72,2.72,2.62,2.56,2.44,2.41,2.38,0.81,0.81,0.76,0.73,0.71,0.66,0.65,0.54,0.53,0.49,0.65,0.61,0.45,0.18,0.94,0.8,0.32,0.62,0.56,0.59,0.57,0.54,0.64,1.22,0.57,0.79,0.87,0.78,0.81,0.93,0.83,0.63,0.68,0.55,0.59,0.66,0.68,0.71,0.65,0.62
Eritrea,GCP,Total fossil fuels and cement,CO2,MtCO₂e,0.74,0.72,0.69,0.67,0.68,0.63,0.62,0.56,0.5,0.5,0.4,0.56,0.54,0.76,0.77,0.71,0.6,0.63,0.6,0.62,0.59,0.77,0.86,0.79,0.71,N/A,N/A,N/A,N/A,N/A,N/A,N/A,N/A,N/A,N/A,N/A,N/A,N/A,N/A,N/A,N/A,N/A,N/A,N/A,N/A,N/A,N/A,N/A,N/A,N/A,N/A,N/A,N/A,N/A,N/A,N/A,N/A,N/A,N/A
Somalia,GCP,Total fossil fuels and cement,CO2,MtCO₂e,0.7,0.68,0.64,0.63,0.63,0.63,0.61,0.61,0.61,0.6,0.6,0.61,0.59,0.59,0.59,0.59,0.59,0.5,0.48,0.49,0.51,0.54,0.57,0.59,0.63,0.64,0.68,0.71,0.73,0.95,1.0,0.99,0.92,0.86,0.71,0.93,0.72,0.27,0.81,0.49,0.56,0.8,0.48,0.5,0.33,0.26,0.23,0.19,0.22,0.16,0.15,0.23,0.14,0.13,0.14,0.1,0.11,0.09,0.08
Seychelles,GCP,Total fossil fuels and cement,CO2,MtCO₂e,0.66,0.64,0.6,0.49,0.49,0.33,0.42,0.33,0.44,0.52,0.69,0.64,0.73,0.69,0.74,0.55,0.54,0.63,0.57,0.51,0.43,0.34,0.23,0.2,0.2,0.18,0.17,0.17,0.15,0.23,0.2,0.2,0.16,0.15,0.1,0.1,0.08,0.1,0.1,0.12,0.08,0.08,0.08,0.06,0.05,0.05,0.04,0.03,0.03,0.01,0.01,0.01,0.01,0.01,0.01,0.01,N/A,N/A,N/A
Djibouti,GCP,Total fossil fuels and cement,CO2,MtCO₂e,0.64,0.63,0.6,0.61,0.59,0.56,0.48,0.47,0.52,0.46,0.5,0.46,0.41,0.41,0.41,0.42,0.4,0.37,0.37,0.34,0.34,0.35,0.33,0.33,0.33,0.34,0.34,0.34,0.32,0.39,0.35,0.39,0.38,0.36,0.35,0.35,0.35,0.3,0.35,0.36,0.2,0.2,0.2,0.2,0.19,0.18,0.19,0.16,0.14,0.08,0.12,0.09,0.14,0.12,0.08,0.07,0.05,0.04,0.04
Cape Verde,GCP,Total fossil fuels and cement,CO2,MtCO₂e,0.63,0.6,0.54,0.49,0.49,0.5,0.51,0.62,0.56,0.52,0.47,0.51,0.47,0.44,0.33,0.31,0.27,0.23,0.22,0.18,0.16,0.15,0.14,0.12,0.11,0.11,0.11,0.1,0.1,0.08,0.07,0.08,0.06,0.08,0.08,0.04,0.04,0.03,0.12,0.25,0.21,0.08,0.07,0.08,0.07,0.06,0.05,0.04,0.04,0.04,0.03,0.02,0.02,0.03,0.03,0.01,0.02,0.02,0.02
Gambia,GCP,Total fossil fuels and cement,CO2,MtCO₂e,0.61,0.59,0.53,0.52,0.51,0.43,0.45,0.45,0.43,0.38,0.37,0.35,0.35,0.33,0.32,0.3,0.3,0.3,0.27,0.27,0.24,0.22,0.22,0.22,0.21,0.21,0.2,0.2,0.2,0.18,0.18,0.18,0.16,0.17,0.17,0.16,0.16,0.16,0.16,0.15,0.14,0.11,0.1,0.1,0.06,0.06,0.07,0.05,0.05,0.05,0.04,0.03,0.03,0.03,0.03,0.03,0.03,0.02,0.02
Belize,GCP,Total fossil fuels and cement,CO2,MtCO₂e,0.57,0.57,0.57,0.58,0.49,0.51,0.48,0.6,0.54,0.59,0.44,0.48,0.44,0.42,0.39,0.43,0.43,0.45,0.4,0.35,0.37,0.39,0.31,0.38,0.37,0.38,0.36,0.41,0.31,0.3,0.25,0.23,0.21,0.19,0.17,0.17,0.17,0.18,0.19,0.21,0.22,0.2,0.18,0.18,0.15,0.15,0.16,0.14,0.12,0.14,0.1,0.12,0.08,0.08,0.08,0.06,0.07,0.04,0.04
Antigua and Barbuda,GCP,Total fossil fuels and cement,CO2,MtCO₂e,0.57,0.56,0.56,0.55,0.53,0.52,0.52,0.51,0.52,0.51,0.48,0.47,0.44,0.43,0.42,0.4,0.37,0.35,0.34,0.33,0.32,0.31,0.29,0.27,0.27,0.27,0.26,0.27,0.28,0.29,0.29,0.27,0.25,0.25,0.15,0.08,0.29,0.11,0.14,0.41,0.49,0.47,0.4,0.71,0.43,0.33,0.37,0.43,0.46,1.26,0.99,0.56,0.35,0.15,0.09,0.08,0.1,0.05,0.04
Burundi,GCP,Total fossil fuels and cement,CO2,MtCO₂e,0.52,0.51,0.48,0.39,0.38,0.4,0.38,0.42,0.31,0.19,0.19,0.19,0.19,0.15,0.2,0.16,0.21,0.21,0.27,0.25,0.25,0.25,0.24,0.24,0.23,0.23,0.22,0.24,0.21,0.27,0.23,0.25,0.23,0.23,0.22,0.21,0.16,0.16,0.15,0.11,0.1,0.1,0.09,0.08,0.09,0.07,0.07,0.07,0.06,0.07,0.05,0.05,0.05,0.04,0.05,0.05,0.04,0.05,0.04
Timor-Leste,GCP,Total fossil fuels and cement,CO2,MtCO₂e,0.52,0.51,0.49,0.5,0.51,0.44,0.29,0.25,0.23,0.23,0.2,0.18,0.18,0.18,0.18,0.16,0.16,N/A,N/A,N/A,N/A,N/A,N/A,N/A,N/A,N/A,N/A,N/A,N/A,N/A,N/A,N/A,N/A,N/A,N/A,N/A,N/A,N/A,N/A,N/A,N/A,N/A,N/A,N/A,N/A,N/A,N/A,N/A,N/A,N/A,N/A,N/A,N/A,N/A,N/A,N/A,N/A,N/A,N/A
Andorra,GCP,Total fossil fuels and cement,CO2,MtCO₂e,0.47,0.48,0.47,0.47,0.46,0.48,0.49,0.49,0.52,0.52,0.54,0.54,0.55,0.58,0.56,0.53,0.53,0.52,0.52,0.51,0.49,0.47,0.45,0.43,0.41,0.41,0.41,0.41,0.41,N/A,N/A,N/A,N/A,N/A,N/A,N/A,N/A,N/A,N/A,N/A,N/A,N/A,N/A,N/A,N/A,N/A,N/A,N/A,N/A,N/A,N/A,N/A,N/A,N/A,N/A,N/A,N/A,N/A,N/A
Saint Lucia,GCP,Total fossil fuels and cement,CO2,MtCO₂e,0.42,0.42,0.41,0.41,0.41,0.41,0.41,0.41,0.4,0.38,0.4,0.38,0.37,0.37,0.36,0.36,0.29,0.35,0.35,0.33,0.29,0.3,0.32,0.31,0.26,0.23,0.15,0.17,0.16,0.16,0.16,0.15,0.13,0.13,0.11,0.1,0.11,0.1,0.11,0.15,0.1,0.07,0.08,0.08,0.07,0.08,0.08,0.07,0.07,0.06,0.04,0.03,0.03,0.03,0.02,0.02,0.02,0.02,0.01
Guinea-Bissau,GCP,Total fossil fuels and cement,CO2,MtCO₂e,0.34,0.33,0.29,0.28,0.27,0.26,0.25,0.25,0.24,0.23,0.23,0.23,0.22,0.21,0.2,0.19,0.15,0.15,0.15,0.19,0.17,0.2,0.18,0.18,0.18,0.18,0.18,0.18,0.17,0.23,0.22,0.19,0.18,0.17,0.16,0.14,0.14,0.14,0.15,0.11,0.1,0.1,0.1,0.11,0.1,0.11,0.07,0.07,0.07,0.06,0.06,0.05,0.07,0.07,0.06,0.05,0.04,0.03,0.02
Central African Republic,GCP,Total fossil fuels and cement,CO2,MtCO₂e,0.3,0.3,0.3,0.29,0.29,0.29,0.29,0.28,0.26,0.25,0.25,0.25,0.25,0.23,0.23,0.23,0.25,0.25,0.27,0.26,0.25,0.25,0.23,0.23,0.23,0.22,0.22,0.21,0.2,0.25,0.23,0.26,0.16,0.16,0.15,0.15,0.14,0.14,0.11,0.1,0.15,0.13,0.13,0.1,0.11,0.16,0.17,0.18,0.21,0.19,0.18,0.09,0.08,0.09,0.07,0.07,0.07,0.09,0.09
Grenada,GCP,Total fossil fuels and cement,CO2,MtCO₂e,0.27,0.27,0.27,0.26,0.23,0.3,0.27,0.25,0.26,0.25,0.25,0.24,0.23,0.22,0.21,0.22,0.21,0.19,0.19,0.19,0.18,0.17,0.15,0.15,0.14,0.12,0.12,0.11,0.11,0.1,0.1,0.07,0.07,0.06,0.06,0.06,0.06,0.06,0.05,0.05,0.05,0.05,0.05,0.05,0.04,0.05,0.05,0.05,0.04,0.05,0.04,0.04,0.03,0.02,0.02,0.01,0.03,0.02,0.02
Samoa,GCP,Total fossil fuels and cement,CO2,MtCO₂e,0.26,0.25,0.25,0.23,0.21,0.2,0.2,0.2,0.19,0.19,0.18,0.17,0.16,0.16,0.15,0.15,0.15,0.15,0.14,0.14,0.13,0.13,0.12,0.12,0.11,0.11,0.11,0.11,0.1,0.12,0.11,0.11,0.11,0.11,0.11,0.11,0.11,0.1,0.1,0.1,0.11,0.08,0.05,0.06,0.03,0.04,0.04,0.04,0.03,0.03,0.03,0.03,0.03,0.03,0.03,0.02,0.02,0.02,0.01
Saint Kitts and Nevis,GCP,Total fossil fuels and cement,CO2,MtCO₂e,0.24,0.24,0.24,0.23,0.23,0.22,0.22,0.23,0.22,0.22,0.22,0.22,0.2,0.2,0.21,0.2,0.2,0.18,0.17,0.16,0.15,0.14,0.13,0.13,0.12,0.11,0.11,0.11,0.11,0.07,0.07,0.05,0.06,0.05,0.05,0.05,0.07,0.05,N/A,N/A,N/A,N/A,N/A,N/A,N/A,N/A,N/A,N/A,N/A,N/A,N/A,N/A,N/A,N/A,N/A,N/A,N/A,N/A,N/A
Palau,GCP,Total fossil fuels and cement,CO2,MtCO₂e,0.24,0.23,0.22,0.22,0.22,0.22,0.22,0.22,0.21,0.2,0.21,0.25,0.23,0.22,0.22,0.21,0.21,0.22,0.21,0.2,0.2,0.2,0.2,0.2,0.2,0.2,0.2,N/A,N/A,N/A,N/A,N/A,N/A,N/A,N/A,N/A,N/A,N/A,N/A,N/A,N/A,N/A,N/A,N/A,N/A,N/A,N/A,N/A,N/A,N/A,N/A,N/A,N/A,N/A,N/A,N/A,N/A,N/A,N/A
Turks and Caicos Islands,GCP,Total fossil fuels and cement,CO2,MtCO₂e,0.22,0.22,0.22,0.21,0.2,0.19,0.18,0.18,0.18,0.18,0.17,0.16,0.14,0.12,0.1,0.1,0.1,0.07,0.07,0.07,0.06,0.05,0.05,0.05,0.04,0.04,0.03,0.03,0.03,N/A,N/A,N/A,N/A,N/A,N/A,N/A,N/A,N/A,N/A,N/A,N/A,N/A,N/A,N/A,N/A,N/A,N/A,N/A,N/A,N/A,N/A,N/A,N/A,N/A,N/A,N/A,N/A,N/A,N/A
Saint Vincent and the Grenadines,GCP,Total fossil fuels and cement,CO2,MtCO₂e,0.22,0.22,0.22,0.22,0.22,0.21,0.25,0.2,0.22,0.31,0.23,0.23,0.22,0.22,0.22,0.2,0.19,0.18,0.15,0.16,0.16,0.13,0.13,0.13,0.12,0.1,0.08,0.08,0.08,0.08,0.07,0.08,0.07,0.07,0.07,0.05,0.04,0.04,0.04,0.03,0.04,0.03,0.03,0.03,0.03,0.04,0.04,0.03,0.03,0.03,0.02,0.02,0.02,0.01,0.02,0.01,0.01,0.01,0.01
British Virgin Islands,GCP,Total fossil fuels and cement,CO2,MtCO₂e,0.22,0.21,0.21,0.21,0.21,0.2,0.2,0.2,0.2,0.19,0.19,0.19,0.18,0.18,0.16,0.15,0.14,0.13,0.12,0.12,0.12,0.12,0.12,0.11,0.1,0.09,0.08,0.07,0.07,0.07,0.07,0.06,0.05,0.05,0.04,0.04,0.04,0.04,0.03,0.03,0.03,0.03,0.03,0.03,0.03,0.03,0.02,0.02,0.02,0.02,0.01,0.0,0.01,0.01,0.01,0.0,0.0,N/A,N/A
Comoros,GCP,Total fossil fuels and cement,CO2,MtCO₂e,0.22,0.21,0.2,0.17,0.15,0.18,0.14,0.14,0.16,0.13,0.11,0.1,0.16,0.14,0.14,0.13,0.1,0.1,0.1,0.09,0.09,0.08,0.08,0.07,0.07,0.07,0.07,0.07,0.06,0.05,0.05,0.05,0.04,0.05,0.05,0.05,0.05,0.05,0.05,0.02,0.03,0.04,0.04,0.03,0.03,0.03,0.03,0.03,0.03,0.02,0.02,0.02,0.02,0.01,0.01,0.01,0.01,0.01,0.01
Solomon Islands,GCP,Total fossil fuels and cement,CO2,MtCO₂e,0.18,0.17,0.17,0.19,0.19,0.19,0.18,0.18,0.19,0.18,0.18,0.18,0.16,0.16,0.16,0.16,0.16,0.16,0.15,0.15,0.14,0.14,0.14,0.14,0.14,0.14,0.14,0.15,0.15,0.16,0.16,0.16,0.15,0.15,0.14,0.14,0.12,0.14,0.1,0.11,0.06,0.08,0.06,0.06,0.07,0.07,0.05,0.05,0.04,0.04,0.04,0.03,0.03,0.03,0.02,0.01,0.01,0.01,0.01
Dominica,GCP,Total fossil fuels and cement,CO2,MtCO₂e,0.18,0.18,0.18,0.18,0.18,0.17,0.16,0.15,0.17,0.16,0.16,0.18,0.14,0.14,0.14,0.12,0.1,0.11,0.1,0.08,0.08,0.08,0.07,0.08,0.07,0.06,0.06,0.06,0.06,0.06,0.05,0.05,0.05,0.05,0.04,0.04,0.04,0.04,0.04,0.03,0.03,0.03,0.03,0.03,0.03,0.03,0.03,0.03,0.03,0.02,0.02,0.02,0.01,0.01,0.01,0.01,0.01,0.01,0.01
Anguilla,GCP,Total fossil fuels and cement,CO2,MtCO₂e,0.16,0.16,0.15,0.15,0.14,0.12,0.14,0.14,0.15,0.15,0.15,0.15,0.14,0.13,0.12,0.1,0.1,0.1,0.09,0.08,0.08,0.07,0.07,0.07,0.07,0.07,0.05,0.05,0.05,N/A,N/A,N/A,N/A,N/A,N/A,N/A,N/A,N/A,N/A,N/A,N/A,N/A,N/A,N/A,N/A,N/A,N/A,N/A,N/A,N/A,N/A,N/A,N/A,N/A,N/A,N/A,N/A,N/A,N/A
Micronesia,GCP,Total fossil fuels and cement,CO2,MtCO₂e,0.15,0.15,0.14,0.14,0.14,0.14,0.12,0.12,0.1,0.15,0.11,0.13,0.12,0.12,0.14,0.14,0.14,0.17,0.12,0.11,0.12,0.11,0.11,0.11,0.1,0.1,0.1,N/A,N/A,N/A,N/A,N/A,N/A,N/A,N/A,N/A,N/A,N/A,N/A,N/A,N/A,N/A,N/A,N/A,N/A,N/A,N/A,N/A,N/A,N/A,N/A,N/A,N/A,N/A,N/A,N/A,N/A,N/A,N/A
Marshall Islands,GCP,Total fossil fuels and cement,CO2,MtCO₂e,0.15,0.15,0.14,0.14,0.14,0.14,0.14,0.14,0.14,0.13,0.13,0.12,0.12,0.11,0.12,0.11,0.11,0.1,0.1,0.09,0.09,0.09,0.09,0.09,0.08,0.08,0.08,N/A,N/A,N/A,N/A,N/A,N/A,N/A,N/A,N/A,N/A,N/A,N/A,N/A,N/A,N/A,N/A,N/A,N/A,N/A,N/A,N/A,N/A,N/A,N/A,N/A,N/A,N/A,N/A,N/A,N/A,N/A,N/A
Vanuatu,GCP,Total fossil fuels and cement,CO2,MtCO₂e,0.15,0.15,0.15,0.13,0.15,0.11,0.11,0.13,0.12,0.12,0.1,0.1,0.05,0.06,0.06,0.08,0.08,0.09,0.08,0.08,0.08,0.08,0.08,0.07,0.06,0.06,0.06,0.07,0.07,0.06,0.07,0.05,0.06,0.12,0.05,0.05,0.05,0.05,0.06,0.06,0.06,0.05,0.04,0.05,0.06,0.05,0.06,0.06,0.04,0.04,0.06,0.08,0.08,0.05,0.06,0.03,0.04,N/A,N/A
Liechtenstein,GCP,Total fossil fuels and cement,CO2,MtCO₂e,0.15,0.16,0.15,0.16,0.16,0.19,0.19,0.18,0.19,0.21,0.22,0.2,0.23,0.23,0.23,0.23,0.22,0.21,0.22,0.23,0.23,0.22,0.21,0.2,0.2,0.22,0.21,0.21,0.2,N/A,N/A,N/A,N/A,N/A,N/A,N/A,N/A,N/A,N/A,N/A,N/A,N/A,N/A,N/A,N/A,N/A,N/A,N/A,N/A,N/A,N/A,N/A,N/A,N/A,N/A,N/A,N/A,N/A,N/A
Tonga,GCP,Total fossil fuels and cement,CO2,MtCO₂e,0.14,0.13,0.13,0.12,0.11,0.11,0.11,0.1,0.12,0.13,0.12,0.11,0.13,0.11,0.11,0.12,0.1,0.09,0.1,0.11,0.09,0.1,0.08,0.1,0.09,0.08,0.07,0.1,0.08,0.07,0.07,0.05,0.05,0.05,0.05,0.05,0.04,0.05,0.04,0.04,0.04,0.03,0.03,0.03,0.02,0.03,0.02,0.02,0.03,0.01,0.01,0.01,0.01,0.01,0.01,0.01,0.01,0.01,0.01
Sao Tome and Principe,GCP,Total fossil fuels and cement,CO2,MtCO₂e,0.12,0.12,0.12,0.11,0.11,0.11,0.11,0.1,0.1,0.09,0.08,0.08,0.08,0.08,0.07,0.07,0.06,0.05,0.05,0.05,0.05,0.05,0.05,0.05,0.05,0.05,0.05,0.05,0.05,0.05,0.05,0.05,0.05,0.05,0.05,0.05,0.05,0.04,0.04,0.03,0.03,0.03,0.03,0.02,0.02,0.01,0.01,0.01,0.01,0.01,0.01,0.01,0.01,0.01,0.01,0.01,0.01,0.01,0.01
Kiribati,GCP,Total fossil fuels and cement,CO2,MtCO₂e,0.07,0.07,0.07,0.06,0.06,0.05,0.05,0.05,0.06,0.05,0.07,0.06,0.07,0.06,0.05,0.04,0.04,0.03,0.03,0.03,0.03,0.03,0.03,0.03,0.03,0.03,0.03,0.02,0.02,0.02,0.02,0.02,0.02,0.02,0.02,0.02,0.03,0.03,0.03,0.03,0.02,0.02,0.03,0.03,0.03,0.04,0.03,0.03,0.02,0.01,0.03,0.02,0.01,0.01,0.02,0.02,0.01,0.01,N/A
Cook Islands,GCP,Total fossil fuels and cement,CO2,MtCO₂e,0.07,0.06,0.06,0.06,0.07,0.06,0.06,0.06,0.05,0.04,0.05,0.05,0.05,0.05,0.05,0.03,0.02,0.03,0.05,0.05,0.05,0.05,0.05,0.04,0.04,0.04,0.04,0.04,0.04,0.02,0.02,0.02,0.02,0.02,0.02,0.05,0.05,0.07,0.03,0.03,0.03,0.03,0.01,0.01,0.01,0.01,0.01,0.01,0.01,0.01,N/A,N/A,N/A,N/A,N/A,N/A,N/A,N/A,N/A
Nauru,GCP,Total fossil fuels and cement,CO2,MtCO₂e,0.05,0.05,0.05,0.05,0.05,0.04,0.04,0.04,0.04,0.04,0.04,0.04,0.04,0.06,0.07,0.07,0.08,0.08,0.08,0.09,0.1,0.1,0.1,0.11,0.11,0.11,0.12,0.12,0.12,0.16,0.16,0.16,0.16,0.12,0.12,0.12,0.12,0.12,0.12,0.11,0.11,0.11,0.1,0.1,0.1,0.08,0.08,0.09,0.07,0.07,0.05,0.05,0.03,0.03,0.03,N/A,N/A,N/A,N/A
Niue,GCP,Total fossil fuels and cement,CO2,MtCO₂e,0.01,0.01,0.01,0.01,0.01,0.01,0.01,0.01,0.0,0.0,0.01,0.0,0.0,0.0,0.0,0.0,0.01,0.01,0.01,0.01,0.01,0.01,0.01,0.01,0.01,0.01,0.01,0.01,0.01,0.0,0.0,0.0,0.0,0.0,0.0,0.0,0.0,0.0,0.0,0.0,0.0,0.0,0.0,0.0,0.0,0.0,0.0,0.0,0.0,N/A,N/A,N/A,N/A,N/A,N/A,N/A,N/A,N/A,N/A
Saint Helena,GCP,Total fossil fuels and cement,CO2,MtCO₂e,0.01,0.01,0.01,0.01,0.01,0.01,0.01,0.01,0.01,0.01,0.01,0.01,0.01,0.01,0.01,0.01,0.01,0.01,0.01,0.01,0.01,0.01,0.01,0.01,0.01,0.01,0.01,0.01,0.01,0.01,0.01,0.0,0.0,0.0,0.0,0.0,0.0,0.01,N/A,N/A,N/A,N/A,N/A,N/A,N/A,N/A,N/A,N/A,N/A,N/A,0.0,N/A,N/A,N/A,N/A,N/A,N/A,N/A,N/A
Tuvalu,GCP,Total fossil fuels and cement,CO2,MtCO₂e,0.01,0.01,0.01,0.01,0.01,0.01,0.01,0.01,0.01,0.01,0.01,0.01,0.01,0.01,0.01,0.01,0.01,0.01,0.01,0.01,0.01,0.01,0.01,0.01,0.01,0.01,0.01,0.01,0.01,N/A,N/A,N/A,N/A,N/A,N/A,N/A,N/A,N/A,N/A,N/A,N/A,N/A,N/A,N/A,N/A,N/A,N/A,N/A,N/A,N/A,N/A,N/A,N/A,N/A,N/A,N/A,N/A,N/A,N/A
